date,visiting,home,visScore,homeScore,visHR,homeHR
20100404,NYA,BOS,7,9,2,1
20100405,MIN,ANA,3,6,1,3
20100405,CLE,CHA,0,6,0,2
20100405,DET,KCA,8,4,0,1
20100405,SEA,OAK,5,3,1,0
20100405,TOR,TEX,4,5,2,1
20100405,SDN,ARI,3,6,2,2
20100405,CHN,ATL,5,16,2,2
20100405,SLN,CIN,11,6,4,2
20100405,SFN,HOU,5,2,1,0
20100405,COL,MIL,5,3,1,1
20100405,FLO,NYN,1,7,0,1
20100405,LAN,PIT,5,11,0,3
20100405,PHI,WAS,11,1,2,0
20100406,MIN,ANA,5,3,3,1
20100406,NYA,BOS,6,4,1,1
20100406,SEA,OAK,1,2,0,1
20100406,BAL,TBA,3,4,3,1
20100406,SDN,ARI,6,3,2,0
20100406,SFN,HOU,3,0,0,0
20100406,COL,MIL,5,7,1,2
20100407,MIN,ANA,4,2,2,0
20100407,NYA,BOS,3,1,1,0
20100407,CLE,CHA,5,3,0,1
20100407,DET,KCA,2,3,1,1
20100407,SEA,OAK,5,6,1,1
20100407,BAL,TBA,3,4,0,1
20100407,TOR,TEX,7,4,3,2
20100407,SDN,ARI,3,5,1,4
20100407,CHN,ATL,2,3,0,1
20100407,SLN,CIN,6,3,0,1
20100407,SFN,HOU,10,4,2,0
20100407,COL,MIL,4,5,1,0
20100407,FLO,NYN,7,6,3,0
20100407,LAN,PIT,3,4,1,1
20100407,PHI,WAS,8,4,1,1
20100408,MIN,ANA,10,1,3,0
20100408,CLE,CHA,5,3,0,1
20100408,DET,KCA,7,3,2,0
20100408,SEA,OAK,2,6,0,0
20100408,BAL,TBA,5,4,1,0
20100408,TOR,TEX,3,1,1,0
20100408,CHN,ATL,2,0,2,0
20100408,SLN,CIN,1,2,1,1
20100408,FLO,NYN,3,1,0,0
20100408,LAN,PIT,10,2,1,0
20100408,PHI,WAS,5,6,0,1
20100409,OAK,ANA,10,4,1,2
20100409,TOR,BAL,7,6,1,1
20100409,MIN,CHA,4,3,0,0
20100409,CLE,DET,2,5,1,0
20100409,BOS,KCA,3,4,1,2
20100409,NYA,TBA,3,9,0,2
20100409,SEA,TEX,2,6,1,1
20100409,PIT,ARI,1,9,0,1
20100409,CHN,CIN,4,5,1,1
20100409,SDN,COL,0,7,0,1
20100409,LAN,FLO,7,3,0,0
20100409,PHI,HOU,8,0,1,0
20100409,SLN,MIL,5,4,2,0
20100409,WAS,NYN,2,8,0,4
20100409,ATL,SFN,4,5,0,1
20100410,OAK,ANA,3,4,1,0
20100410,TOR,BAL,3,0,0,0
20100410,MIN,CHA,2,1,1,0
20100410,CLE,DET,2,4,0,1
20100410,BOS,KCA,8,3,5,0
20100410,NYA,TBA,10,0,1,0
20100410,SEA,TEX,4,3,0,1
20100410,PIT,ARI,6,3,2,1
20100410,CHN,CIN,4,3,3,1
20100410,SDN,COL,5,4,0,3
20100410,LAN,FLO,6,7,1,1
20100410,PHI,HOU,9,6,2,2
20100410,SLN,MIL,7,1,2,0
20100410,WAS,NYN,4,3,0,0
20100410,ATL,SFN,7,2,1,0
20100411,OAK,ANA,9,4,1,2
20100411,TOR,BAL,5,2,4,0
20100411,MIN,CHA,4,5,0,3
20100411,CLE,DET,8,9,3,0
20100411,BOS,KCA,8,6,1,2
20100411,NYA,TBA,7,3,2,0
20100411,SEA,TEX,2,9,0,1
20100411,PIT,ARI,6,15,2,4
20100411,CHN,CIN,1,3,0,0
20100411,SDN,COL,2,4,0,1
20100411,LAN,FLO,5,6,0,1
20100411,PHI,HOU,2,1,1,0
20100411,SLN,MIL,7,8,3,4
20100411,WAS,NYN,5,2,1,1
20100411,ATL,SFN,3,6,2,1
20100412,TBA,BAL,5,1,2,1
20100412,TEX,CLE,4,2,1,1
20100412,KCA,DET,10,5,1,1
20100412,BOS,MIN,2,5,0,1
20100412,OAK,SEA,4,0,1,0
20100412,CHA,TOR,8,7,3,2
20100412,MIL,CHN,5,9,1,3
20100412,CIN,FLO,6,5,3,0
20100412,WAS,PHI,4,7,1,1
20100412,ATL,SDN,2,17,0,2
20100412,PIT,SFN,3,9,0,1
20100412,HOU,SLN,0,5,0,1
20100413,TBA,BAL,8,6,1,3
20100413,KCA,DET,5,6,2,0
20100413,ANA,NYA,5,7,2,2
20100413,OAK,SEA,0,3,0,1
20100413,CHA,TOR,2,4,1,0
20100413,NYN,COL,3,11,1,1
20100413,CIN,FLO,10,8,2,1
20100413,ARI,LAN,5,9,1,4
20100413,PIT,SFN,6,5,2,1
20100414,TBA,BAL,9,1,3,1
20100414,TEX,CLE,6,2,1,0
20100414,KCA,DET,7,3,1,1
20100414,BOS,MIN,6,3,1,1
20100414,ANA,NYA,5,3,0,0
20100414,OAK,SEA,2,4,1,0
20100414,CHA,TOR,11,1,2,0
20100414,MIL,CHN,6,7,0,1
20100414,NYN,COL,5,6,2,2
20100414,CIN,FLO,3,5,1,2
20100414,ARI,LAN,9,7,2,1
20100414,WAS,PHI,7,14,0,3
20100414,ATL,SDN,6,1,1,0
20100414,PIT,SFN,0,6,0,3
20100414,HOU,SLN,1,2,0,0
20100415,TEX,CLE,2,3,1,1
20100415,BOS,MIN,0,8,0,1
20100415,ANA,NYA,2,6,1,3
20100415,BAL,OAK,2,6,0,0
20100415,CHA,TOR,3,7,2,1
20100415,MIL,CHN,8,6,2,3
20100415,NYN,COL,5,0,0,0
20100415,CIN,FLO,2,10,0,1
20100415,ARI,LAN,5,6,1,1
20100415,WAS,PHI,7,5,2,2
20100415,ATL,SDN,6,2,1,1
20100415,HOU,SLN,5,1,0,0
20100416,TBA,BOS,3,1,1,1
20100416,CHA,CLE,2,6,1,1
20100416,KCA,MIN,3,10,1,0
20100416,TEX,NYA,1,5,0,0
20100416,BAL,OAK,2,4,1,0
20100416,DET,SEA,3,11,0,0
20100416,ANA,TOR,7,5,1,3
20100416,COL,ATL,5,9,1,1
20100416,HOU,CHN,2,7,0,1
20100416,SFN,LAN,8,10,2,3
20100416,FLO,PHI,6,8,1,2
20100416,CIN,PIT,3,4,0,0
20100416,ARI,SDN,3,6,0,1
20100416,NYN,SLN,3,4,0,1
20100416,MIL,WAS,3,5,1,1
20100417,TBA,BOS,6,5,1,3
20100417,CHA,CLE,2,3,0,1
20100417,KCA,MIN,5,6,2,2
20100417,TEX,NYA,3,7,1,2
20100417,BAL,OAK,3,4,0,0
20100417,DET,SEA,2,4,1,0
20100417,ANA,TOR,6,3,2,0
20100417,COL,ATL,4,0,0,0
20100417,HOU,CHN,4,3,1,0
20100417,SFN,LAN,9,0,0,0
20100417,FLO,PHI,5,1,1,1
20100417,CIN,PIT,4,5,0,1
20100417,ARI,SDN,0,5,0,1
20100417,NYN,SLN,2,1,0,0
20100417,MIL,WAS,0,8,0,1
20100418,TBA,BOS,7,1,2,0
20100418,CHA,CLE,4,7,0,1
20100418,KCA,MIN,10,5,2,0
20100418,TEX,NYA,2,5,0,2
20100418,BAL,OAK,8,3,1,0
20100418,DET,SEA,4,2,1,1
20100418,ANA,TOR,3,1,0,1
20100418,COL,ATL,3,4,2,0
20100418,HOU,CHN,3,2,0,0
20100418,SFN,LAN,1,2,1,1
20100418,FLO,PHI,2,0,1,0
20100418,CIN,PIT,3,5,2,0
20100418,ARI,SDN,3,5,1,1
20100418,NYN,SLN,3,5,0,2
20100418,MIL,WAS,11,7,1,0
20100419,DET,ANA,0,2,0,0
20100419,TBA,BOS,8,2,1,1
20100419,BAL,SEA,2,8,1,1
20100419,KCA,TOR,1,8,0,3
20100419,SLN,ARI,4,2,1,0
20100419,CHN,NYN,1,6,0,1
20100419,SFN,SDN,2,3,1,1
20100419,COL,WAS,2,5,0,1
20100420,DET,ANA,5,6,0,0
20100420,TEX,BOS,6,7,0,2
20100420,TBA,CHA,1,4,1,2
20100420,CLE,MIN,1,5,1,0
20100420,NYA,OAK,7,3,1,2
20100420,BAL,SEA,1,3,0,0
20100420,KCA,TOR,3,4,0,1
20100420,SLN,ARI,7,9,3,1
20100420,PHI,ATL,3,4,0,3
20100420,LAN,CIN,9,11,1,2
20100420,FLO,HOU,5,7,1,1
20100420,CHN,NYN,0,4,0,1
20100420,MIL,PIT,8,1,1,0
20100420,SFN,SDN,0,1,0,0
20100420,COL,WAS,10,4,2,1
20100421,DET,ANA,4,3,2,1
20100421,TEX,BOS,7,8,1,3
20100421,TBA,CHA,12,0,1,0
20100421,CLE,MIN,0,6,0,1
20100421,NYA,OAK,3,1,0,0
20100421,BAL,SEA,1,4,0,0
20100421,KCA,TOR,4,3,2,1
20100421,SLN,ARI,9,4,3,0
20100421,PHI,ATL,2,0,0,0
20100421,LAN,CIN,14,6,2,2
20100421,FLO,HOU,4,5,0,1
20100421,CHN,NYN,9,3,1,1
20100421,MIL,PIT,8,0,3,0
20100421,SFN,SDN,2,5,1,2
20100421,COL,WAS,4,6,1,0
20100422,DET,ANA,5,4,0,1
20100422,TEX,BOS,3,0,0,0
20100422,TBA,CHA,10,2,0,1
20100422,CLE,MIN,8,1,1,0
20100422,NYA,OAK,2,4,2,1
20100422,PHI,ATL,8,3,0,0
20100422,LAN,CIN,5,8,2,1
20100422,FLO,HOU,5,1,0,0
20100422,CHN,NYN,2,5,0,0
20100422,MIL,PIT,20,0,4,0
20100422,COL,WAS,2,0,2,0
20100423,NYA,ANA,4,6,1,1
20100423,BAL,BOS,3,4,1,1
20100423,SEA,CHA,6,7,1,4
20100423,MIN,KCA,8,3,2,1
20100423,CLE,OAK,0,10,0,1
20100423,TOR,TBA,6,5,1,2
20100423,DET,TEX,4,5,0,1
20100423,PHI,ARI,4,7,0,5
20100423,SDN,CIN,10,4,2,0
20100423,PIT,HOU,3,4,2,0
20100423,CHN,MIL,8,1,2,0
20100423,ATL,NYN,2,5,0,1
20100423,SLN,SFN,1,4,0,0
20100423,LAN,WAS,1,5,0,2
20100424,NYA,ANA,7,1,0,0
20100424,BAL,BOS,6,7,2,3
20100424,SEA,CHA,4,5,1,2
20100424,MIN,KCA,9,7,1,0
20100424,CLE,OAK,6,1,0,0
20100424,TOR,TBA,3,9,2,1
20100424,DET,TEX,8,4,0,0
20100424,PHI,ARI,3,2,3,1
20100424,SDN,CIN,5,0,2,0
20100424,FLO,COL,4,1,2,0
20100424,FLO,COL,1,8,0,1
20100424,PIT,HOU,2,5,1,1
20100424,CHN,MIL,5,1,0,0
20100424,ATL,NYN,1,3,0,0
20100424,SLN,SFN,0,2,0,0
20100424,LAN,WAS,4,3,2,0
20100425,NYA,ANA,4,8,2,2
20100425,BAL,BOS,7,6,1,0
20100425,SEA,CHA,2,3,1,1
20100425,MIN,KCA,3,4,1,1
20100425,CLE,OAK,0,11,0,1
20100425,TOR,TBA,0,6,0,0
20100425,DET,TEX,4,8,1,1
20100425,PHI,ARI,6,8,1,2
20100425,SDN,CIN,4,5,1,1
20100425,FLO,COL,4,8,0,3
20100425,PIT,HOU,3,10,0,1
20100425,CHN,MIL,12,2,4,0
20100425,ATL,NYN,0,1,0,0
20100425,SLN,SFN,2,0,1,0
20100425,LAN,WAS,0,1,0,0
20100426,CLE,ANA,2,5,1,2
20100426,SEA,KCA,1,3,0,1
20100426,DET,TEX,8,6,3,1
20100426,BOS,TOR,13,12,0,2
20100426,WAS,CHN,3,4,0,0
20100426,ARI,COL,5,3,1,1
20100426,SDN,FLO,1,10,0,2
20100426,PIT,MIL,3,17,0,2
20100426,PHI,SFN,1,5,0,1
20100426,ATL,SLN,3,4,0,1
20100427,CLE,ANA,9,2,1,1
20100427,NYA,BAL,4,5,1,0
20100427,MIN,DET,2,0,0,0
20100427,SEA,KCA,3,2,0,0
20100427,OAK,TBA,6,8,1,2
20100427,CHA,TEX,2,4,0,1
20100427,BOS,TOR,2,1,0,0
20100427,WAS,CHN,3,1,0,0
20100427,ARI,COL,1,12,0,0
20100427,SDN,FLO,4,1,0,0
20100427,CIN,HOU,6,2,0,0
20100427,PIT,MIL,7,3,3,2
20100427,LAN,NYN,0,4,0,1
20100427,LAN,NYN,5,10,0,0
20100427,PHI,SFN,2,6,0,2
20100427,ATL,SLN,4,5,0,1
20100428,CLE,ANA,3,4,0,1
20100428,NYA,BAL,8,3,1,1
20100428,MIN,DET,6,11,2,1
20100428,SEA,KCA,6,5,0,1
20100428,OAK,TBA,3,10,2,2
20100428,CHA,TEX,5,6,1,1
20100428,BOS,TOR,2,0,0,0
20100428,WAS,CHN,3,2,2,0
20100428,ARI,COL,12,11,2,2
20100428,SDN,FLO,6,4,1,1
20100428,CIN,HOU,6,4,0,1
20100428,PIT,MIL,6,5,4,2
20100428,LAN,NYN,3,7,1,0
20100428,PHI,SFN,7,6,1,0
20100428,ATL,SLN,0,6,0,0
20100429,NYA,BAL,4,0,2,0
20100429,MIN,DET,0,3,0,0
20100429,KCA,TBA,1,11,1,0
20100429,CHA,TEX,7,5,2,1
20100429,OAK,TOR,3,6,0,4
20100429,ARI,CHN,13,5,4,1
20100429,CIN,HOU,4,2,2,1
20100429,PIT,LAN,2,0,0,0
20100429,MIL,SDN,0,9,0,0
20100429,ATL,SLN,4,10,1,2
20100430,BOS,BAL,4,5,3,1
20100430,MIN,CLE,9,3,1,0
20100430,ANA,DET,6,10,1,3
20100430,CHA,NYA,4,6,1,1
20100430,TEX,SEA,2,0,0,0
20100430,KCA,TBA,3,2,0,1
20100430,OAK,TOR,2,10,0,3
20100430,HOU,ATL,2,4,0,2
20100430,ARI,CHN,5,11,1,4
20100430,WAS,FLO,7,1,2,0
20100430,PIT,LAN,2,6,0,2
20100430,NYN,PHI,9,1,4,0
20100430,MIL,SDN,0,3,0,1
20100430,COL,SFN,2,5,0,0
20100430,CIN,SLN,3,2,0,0
20100501,BOS,BAL,9,12,4,5
20100501,MIN,CLE,4,5,2,1
20100501,ANA,DET,2,3,0,1
20100501,CHA,NYA,7,6,3,1
20100501,TEX,SEA,6,3,1,0
20100501,KCA,TBA,4,2,0,0
20100501,OAK,TOR,4,3,1,0
20100501,HOU,ATL,1,10,0,1
20100501,ARI,CHN,5,7,3,1
20100501,WAS,FLO,1,7,0,2
20100501,PIT,LAN,1,5,1,1
20100501,NYN,PHI,0,10,0,1
20100501,MIL,SDN,2,1,2,0
20100501,COL,SFN,1,6,0,3
20100501,CIN,SLN,3,6,0,1
20100502,BOS,BAL,2,3,2,0
20100502,MIN,CLE,8,3,3,0
20100502,ANA,DET,1,5,0,0
20100502,CHA,NYA,3,12,1,3
20100502,TEX,SEA,3,1,0,0
20100502,KCA,TBA,0,1,0,1
20100502,OAK,TOR,3,9,0,3
20100502,HOU,ATL,1,7,0,0
20100502,ARI,CHN,5,10,1,3
20100502,WAS,FLO,3,9,0,2
20100502,PIT,LAN,3,9,0,2
20100502,NYN,PHI,5,11,2,4
20100502,MIL,SDN,0,8,0,2
20100502,COL,SFN,4,1,0,1
20100502,CIN,SLN,0,6,0,1
20100503,ANA,BOS,8,17,0,4
20100503,KCA,CHA,1,5,1,1
20100503,TOR,CLE,5,1,3,0
20100503,DET,MIN,4,10,0,1
20100503,BAL,NYA,1,4,1,1
20100503,TEX,OAK,4,2,1,1
20100503,NYN,CIN,2,3,0,2
20100503,ARI,HOU,9,1,1,0
20100503,SLN,PHI,6,3,1,2
20100503,COL,SDN,5,2,0,0
20100504,ANA,BOS,1,5,0,0
20100504,KCA,CHA,7,2,2,1
20100504,TOR,CLE,8,5,1,0
20100504,DET,MIN,3,4,1,0
20100504,BAL,NYA,1,4,0,0
20100504,TEX,OAK,6,7,1,1
20100504,TBA,SEA,5,2,1,0
20100504,NYN,CIN,5,4,2,3
20100504,SFN,FLO,9,6,1,2
20100504,ARI,HOU,1,0,1,0
20100504,MIL,LAN,11,6,2,1
20100504,SLN,PHI,1,2,0,1
20100504,CHN,PIT,2,3,2,2
20100504,COL,SDN,2,3,0,0
20100504,ATL,WAS,3,6,1,3
20100505,ANA,BOS,1,3,1,2
20100505,KCA,CHA,2,9,0,2
20100505,TOR,CLE,5,4,1,1
20100505,DET,MIN,4,5,4,0
20100505,BAL,NYA,5,7,3,2
20100505,TEX,OAK,1,4,0,1
20100505,TBA,SEA,8,3,0,1
20100505,NYN,CIN,4,5,1,3
20100505,SFN,FLO,3,2,1,0
20100505,ARI,HOU,2,4,0,2
20100505,MIL,LAN,11,3,0,0
20100505,SLN,PHI,0,4,0,2
20100505,CHN,PIT,2,4,0,1
20100505,COL,SDN,6,5,1,0
20100505,ATL,WAS,7,6,1,1
20100506,ANA,BOS,6,11,1,1
20100506,TOR,CHA,2,0,0,0
20100506,BAL,MIN,2,0,1,0
20100506,TBA,SEA,8,0,1,0
20100506,KCA,TEX,12,13,3,4
20100506,SFN,FLO,6,3,1,0
20100506,ARI,HOU,6,3,1,0
20100506,MIL,LAN,3,7,0,1
20100506,SLN,PHI,2,7,0,2
20100506,CHN,PIT,1,11,0,0
20100506,ATL,WAS,2,3,0,2
20100507,NYA,BOS,10,3,1,0
20100507,TOR,CHA,7,4,3,3
20100507,TBA,OAK,4,1,0,0
20100507,ANA,SEA,8,0,3,0
20100507,KCA,TEX,1,4,0,1
20100507,MIL,ARI,3,2,2,1
20100507,CHN,CIN,14,7,3,1
20100507,SDN,HOU,7,0,3,0
20100507,COL,LAN,5,6,0,0
20100507,SFN,NYN,4,6,1,4
20100507,ATL,PHI,0,7,0,1
20100507,SLN,PIT,4,3,0,0
20100507,FLO,WAS,4,2,1,1
20100508,NYA,BOS,14,3,3,2
20100508,TOR,CHA,3,7,2,1
20100508,DET,CLE,6,4,0,0
20100508,BAL,MIN,7,3,0,2
20100508,BAL,MIN,1,6,1,0
20100508,TBA,OAK,2,4,0,0
20100508,ANA,SEA,4,3,1,0
20100508,KCA,TEX,2,3,1,0
20100508,MIL,ARI,17,3,2,1
20100508,CHN,CIN,2,14,0,2
20100508,SDN,HOU,2,1,0,0
20100508,COL,LAN,8,0,1,0
20100508,SFN,NYN,4,5,0,1
20100508,ATL,PHI,4,1,0,0
20100508,SLN,PIT,0,2,0,0
20100508,FLO,WAS,4,5,1,2
20100509,NYA,BOS,3,9,2,1
20100509,TOR,CHA,9,7,2,1
20100509,DET,CLE,4,7,0,0
20100509,BAL,MIN,0,6,0,0
20100509,TBA,OAK,0,4,0,0
20100509,ANA,SEA,1,8,0,2
20100509,KCA,TEX,4,6,1,0
20100509,MIL,ARI,6,1,3,0
20100509,CHN,CIN,3,5,1,1
20100509,SDN,HOU,3,4,0,2
20100509,COL,LAN,0,2,0,1
20100509,SFN,NYN,6,5,1,0
20100509,ATL,PHI,3,5,0,3
20100509,SLN,PIT,11,4,0,0
20100509,FLO,WAS,2,3,1,1
20100510,TBA,ANA,4,5,1,2
20100510,TOR,BOS,6,7,1,0
20100510,NYA,DET,4,5,1,1
20100510,LAN,ARI,7,3,1,1
20100510,FLO,CHN,4,2,1,0
20100510,PHI,COL,9,5,2,0
20100510,ATL,MIL,8,2,2,1
20100510,WAS,NYN,3,2,2,1
20100510,CIN,PIT,2,1,0,1
20100511,TBA,ANA,7,2,1,0
20100511,SEA,BAL,5,1,1,0
20100511,TOR,BOS,1,6,0,1
20100511,CLE,KCA,8,2,2,0
20100511,CHA,MIN,5,2,0,1
20100511,OAK,TEX,7,6,2,2
20100511,LAN,ARI,13,3,1,0
20100511,FLO,CHN,3,2,2,0
20100511,ATL,MIL,11,3,2,0
20100511,WAS,NYN,6,8,1,0
20100511,CIN,PIT,9,0,1,0
20100511,SDN,SFN,3,2,0,0
20100511,HOU,SLN,6,3,2,0
20100512,TBA,ANA,4,3,0,0
20100512,SEA,BAL,2,5,0,1
20100512,TOR,BOS,3,2,1,0
20100512,NYA,DET,0,2,0,0
20100512,NYA,DET,8,0,0,0
20100512,CLE,KCA,4,0,1,0
20100512,CHA,MIN,2,3,0,0
20100512,OAK,TEX,1,10,1,5
20100512,LAN,ARI,6,3,1,0
20100512,FLO,CHN,3,4,0,0
20100512,PHI,COL,3,4,0,1
20100512,ATL,MIL,9,2,1,0
20100512,WAS,NYN,6,4,2,0
20100512,CIN,PIT,5,0,2,0
20100512,SDN,SFN,5,2,0,0
20100512,HOU,SLN,9,6,1,0
20100513,SEA,BAL,5,6,3,2
20100513,NYA,DET,0,6,0,2
20100513,CLE,KCA,4,6,0,1
20100513,OAK,TEX,1,2,0,0
20100513,WAS,COL,14,6,2,1
20100513,NYN,FLO,1,2,0,0
20100513,SDN,SFN,1,0,0,0
20100513,HOU,SLN,4,1,1,0
20100514,OAK,ANA,0,4,0,1
20100514,CLE,BAL,1,8,0,0
20100514,BOS,DET,7,2,4,0
20100514,CHA,KCA,1,6,0,1
20100514,MIN,NYA,4,8,1,2
20100514,SEA,TBA,4,3,3,1
20100514,TEX,TOR,10,16,1,5
20100514,ARI,ATL,5,6,0,2
20100514,PIT,CHN,10,6,2,1
20100514,SLN,CIN,4,3,2,1
20100514,NYN,FLO,2,7,0,4
20100514,PHI,MIL,9,5,3,3
20100514,LAN,SDN,4,3,1,1
20100514,HOU,SFN,2,8,1,0
20100515,OAK,ANA,3,12,1,2
20100515,CLE,BAL,8,2,2,2
20100515,BOS,DET,6,7,1,1
20100515,CHA,KCA,5,4,0,1
20100515,MIN,NYA,1,7,0,2
20100515,SEA,TBA,2,3,1,1
20100515,TEX,TOR,0,6,0,2
20100515,ARI,ATL,11,1,3,0
20100515,PIT,CHN,4,3,1,0
20100515,SLN,CIN,3,4,1,1
20100515,WAS,COL,2,6,1,2
20100515,WAS,COL,3,4,1,2
20100515,NYN,FLO,5,7,1,0
20100515,PHI,MIL,10,6,1,3
20100515,LAN,SDN,4,1,1,0
20100515,HOU,SFN,1,2,0,1
20100516,OAK,ANA,0,4,0,1
20100516,CLE,BAL,5,1,2,1
20100516,BOS,DET,1,5,0,1
20100516,CHA,KCA,3,5,1,0
20100516,MIN,NYA,6,3,2,0
20100516,SEA,TBA,1,2,0,0
20100516,TEX,TOR,2,5,0,1
20100516,ARI,ATL,1,13,0,4
20100516,PIT,CHN,3,4,0,0
20100516,SLN,CIN,2,7,1,1
20100516,WAS,COL,1,2,0,0
20100516,NYN,FLO,8,10,0,2
20100516,PHI,MIL,4,2,0,2
20100516,LAN,SDN,1,0,0,0
20100516,HOU,SFN,3,4,1,2
20100517,KCA,BAL,4,3,0,0
20100517,BOS,NYA,9,11,5,2
20100517,SEA,OAK,4,8,1,2
20100517,CLE,TBA,3,4,0,0
20100517,ANA,TEX,3,4,2,0
20100517,MIN,TOR,8,3,3,1
20100517,NYN,ATL,3,2,0,1
20100517,COL,CHN,2,4,0,1
20100517,MIL,CIN,3,6,2,1
20100517,ARI,FLO,5,1,0,0
20100517,HOU,LAN,2,6,0,0
20100517,PIT,PHI,2,12,1,2
20100517,SFN,SDN,1,3,0,1
20100517,WAS,SLN,2,6,0,0
20100518,KCA,BAL,3,4,0,3
20100518,CHA,DET,6,2,0,1
20100518,BOS,NYA,7,6,1,1
20100518,SEA,OAK,5,6,1,0
20100518,CLE,TBA,2,6,0,0
20100518,ANA,TEX,7,8,2,3
20100518,MIN,TOR,2,11,0,4
20100518,NYN,ATL,2,3,2,1
20100518,COL,CHN,2,6,1,0
20100518,MIL,CIN,4,5,1,2
20100518,ARI,FLO,0,8,0,2
20100518,HOU,LAN,3,7,1,1
20100518,PIT,PHI,2,1,0,0
20100518,SFN,SDN,7,6,1,0
20100518,WAS,SLN,2,3,1,2
20100519,MIN,BOS,2,3,0,1
20100519,ANA,CHA,3,2,1,1
20100519,KCA,CLE,8,4,0,0
20100519,TBA,NYA,10,6,1,1
20100519,DET,OAK,5,1,1,0
20100519,TOR,SEA,3,2,0,0
20100519,BAL,TEX,3,4,0,1
20100519,SFN,ARI,1,13,0,6
20100519,CIN,ATL,4,5,1,1
20100519,COL,HOU,3,7,1,1
20100519,SDN,LAN,10,5,2,1
20100519,CHN,PHI,4,1,0,0
20100519,MIL,PIT,4,6,1,0
20100519,FLO,SLN,5,1,2,0
20100519,NYN,WAS,3,5,2,0
20100520,MIN,BOS,2,6,0,2
20100520,ANA,CHA,6,5,1,0
20100520,KCA,CLE,9,3,2,1
20100520,TBA,NYA,8,6,4,1
20100520,DET,OAK,5,2,1,0
20100520,TOR,SEA,3,4,1,0
20100520,BAL,TEX,7,13,0,3
20100520,SFN,ARI,7,8,2,1
20100520,CIN,ATL,9,10,2,1
20100520,COL,HOU,4,0,1,0
20100520,SDN,LAN,1,4,0,0
20100520,CHN,PHI,4,5,2,2
20100520,MIL,PIT,4,3,0,0
20100520,FLO,SLN,2,4,0,0
20100520,NYN,WAS,10,7,1,0
20100521,FLO,CHA,0,8,0,2
20100521,CIN,CLE,7,4,3,2
20100521,COL,KCA,2,9,1,2
20100521,MIL,MIN,3,15,1,0
20100521,SFN,OAK,1,6,0,0
20100521,SDN,SEA,8,15,0,3
20100521,CHN,TEX,1,2,0,0
20100521,TOR,ARI,6,8,6,2
20100521,TBA,HOU,1,2,0,0
20100521,DET,LAN,1,4,0,0
20100521,NYA,NYN,2,1,0,0
20100521,BOS,PHI,1,5,1,2
20100521,ATL,PIT,7,0,2,0
20100521,ANA,SLN,5,9,1,2
20100521,BAL,WAS,5,3,1,1
20100522,FLO,CHA,1,4,0,1
20100522,CIN,CLE,6,4,1,1
20100522,COL,KCA,3,0,1,0
20100522,MIL,MIN,7,8,1,0
20100522,SFN,OAK,0,1,0,0
20100522,SDN,SEA,2,1,1,0
20100522,CHN,TEX,5,4,2,2
20100522,TOR,ARI,5,8,2,0
20100522,TBA,HOU,4,2,0,1
20100522,DET,LAN,4,6,1,2
20100522,NYA,NYN,3,5,0,0
20100522,BOS,PHI,5,0,0,0
20100522,ATL,PIT,4,2,2,0
20100522,ANA,SLN,10,7,1,1
20100522,BAL,WAS,6,7,2,1
20100523,FLO,CHA,13,0,5,0
20100523,CIN,CLE,3,4,2,0
20100523,COL,KCA,11,7,2,1
20100523,MIL,MIN,4,3,2,0
20100523,SFN,OAK,0,3,0,0
20100523,SDN,SEA,8,1,0,0
20100523,CHN,TEX,5,4,1,1
20100523,TOR,ARI,12,4,2,1
20100523,TBA,HOU,10,6,3,2
20100523,DET,LAN,6,2,2,0
20100523,NYA,NYN,4,6,0,2
20100523,BOS,PHI,8,3,1,1
20100523,ATL,PIT,2,3,1,1
20100523,ANA,SLN,5,6,2,0
20100523,BAL,WAS,3,4,0,1
20100524,TOR,ANA,6,0,0,0
20100524,CHA,CLE,7,2,1,0
20100524,BOS,TBA,6,1,2,1
20100524,PIT,CIN,5,7,1,1
20100525,TOR,ANA,3,8,3,1
20100525,OAK,BAL,1,5,0,1
20100525,CHA,CLE,3,7,0,2
20100525,TEX,KCA,8,7,4,0
20100525,NYA,MIN,1,0,1,0
20100525,DET,SEA,3,5,1,2
20100525,BOS,TBA,2,0,0,0
20100525,LAN,CHN,0,3,0,1
20100525,PIT,CIN,2,1,1,1
20100525,ARI,COL,2,3,0,2
20100525,ATL,FLO,4,6,0,1
20100525,HOU,MIL,1,6,0,2
20100525,PHI,NYN,0,8,0,0
20100525,SLN,SDN,0,1,0,1
20100525,WAS,SFN,2,4,0,0
20100526,TOR,ANA,5,6,0,1
20100526,OAK,BAL,6,1,1,1
20100526,CHA,CLE,5,4,1,0
20100526,TEX,KCA,2,5,0,1
20100526,NYA,MIN,3,2,1,0
20100526,DET,SEA,4,5,1,1
20100526,BOS,TBA,11,3,3,1
20100526,LAN,CHN,8,5,1,1
20100526,PIT,CIN,0,4,0,2
20100526,ARI,COL,3,7,1,3
20100526,ATL,FLO,7,3,0,1
20100526,HOU,MIL,5,0,0,0
20100526,PHI,NYN,0,5,0,1
20100526,SLN,SDN,1,2,0,1
20100526,WAS,SFN,7,3,0,1
20100527,OAK,BAL,7,5,1,0
20100527,KCA,BOS,4,3,0,1
20100527,NYA,MIN,2,8,0,2
20100527,CHA,TBA,1,5,1,2
20100527,LAN,CHN,0,1,0,0
20100527,PIT,CIN,2,8,0,2
20100527,ARI,COL,2,8,0,4
20100527,ATL,FLO,8,3,0,0
20100527,HOU,MIL,3,4,0,0
20100527,PHI,NYN,0,3,0,0
20100527,SLN,SDN,8,3,2,0
20100527,WAS,SFN,4,5,2,1
20100528,SEA,ANA,8,3,1,0
20100528,KCA,BOS,12,5,2,1
20100528,OAK,DET,5,4,1,3
20100528,TEX,MIN,1,2,0,0
20100528,CLE,NYA,2,8,1,2
20100528,CHA,TBA,4,2,2,0
20100528,BAL,TOR,0,5,0,2
20100528,PIT,ATL,3,7,0,0
20100528,SLN,CHN,7,1,1,1
20100528,HOU,CIN,6,15,1,3
20100528,LAN,COL,5,4,2,1
20100528,PHI,FLO,3,2,0,0
20100528,NYN,MIL,0,2,0,1
20100528,WAS,SDN,5,3,2,0
20100528,ARI,SFN,0,5,0,1
20100529,SEA,ANA,1,5,0,2
20100529,KCA,BOS,0,1,0,0
20100529,OAK,DET,6,0,1,0
20100529,TEX,MIN,3,8,0,1
20100529,CLE,NYA,13,11,1,0
20100529,CHA,TBA,5,8,2,1
20100529,BAL,TOR,2,5,0,4
20100529,PIT,ATL,3,6,1,1
20100529,SLN,CHN,0,5,0,0
20100529,HOU,CIN,2,12,0,6
20100529,LAN,COL,3,11,0,1
20100529,PHI,FLO,1,0,0,0
20100529,NYN,MIL,6,8,1,3
20100529,WAS,SDN,2,4,0,1
20100529,ARI,SFN,1,12,1,2
20100530,SEA,ANA,7,9,1,3
20100530,KCA,BOS,1,8,0,2
20100530,OAK,DET,2,10,1,3
20100530,TEX,MIN,3,6,0,0
20100530,CLE,NYA,3,7,0,1
20100530,CHA,TBA,8,5,2,1
20100530,BAL,TOR,1,6,0,3
20100530,PIT,ATL,2,5,1,1
20100530,SLN,CHN,9,1,4,1
20100530,HOU,CIN,2,0,0,0
20100530,LAN,COL,4,3,0,0
20100530,PHI,FLO,0,1,0,0
20100530,NYN,MIL,10,4,1,2
20100530,WAS,SDN,2,3,2,0
20100530,ARI,SFN,5,6,1,1
20100531,OAK,DET,4,1,0,0
20100531,ANA,KCA,7,1,3,0
20100531,CLE,NYA,2,11,1,2
20100531,MIN,SEA,5,4,3,0
20100531,TBA,TOR,2,3,0,1
20100531,PHI,ATL,3,9,0,2
20100531,MIL,FLO,5,13,1,2
20100531,WAS,HOU,14,4,2,1
20100531,ARI,LAN,4,5,3,1
20100531,CHN,PIT,1,2,0,1
20100531,NYN,SDN,6,18,1,2
20100531,COL,SFN,4,0,0,0
20100531,CIN,SLN,4,12,0,0
20100601,OAK,BOS,4,9,1,1
20100601,TEX,CHA,9,6,1,1
20100601,CLE,DET,3,2,2,0
20100601,ANA,KCA,3,6,1,1
20100601,BAL,NYA,1,3,1,1
20100601,MIN,SEA,1,7,1,1
20100601,TBA,TOR,7,6,0,2
20100601,PHI,ATL,3,7,1,1
20100601,MIL,FLO,4,6,2,1
20100601,WAS,HOU,7,8,0,1
20100601,ARI,LAN,0,1,0,1
20100601,CHN,PIT,2,3,1,2
20100601,NYN,SDN,4,2,2,0
20100601,COL,SFN,2,1,0,1
20100601,CIN,SLN,9,8,3,2
20100602,OAK,BOS,4,6,2,1
20100602,TEX,CHA,9,5,1,2
20100602,CLE,DET,0,3,0,1
20100602,ANA,KCA,7,2,1,0
20100602,BAL,NYA,1,9,0,1
20100602,MIN,SEA,1,2,1,0
20100602,TBA,TOR,7,3,1,0
20100602,PHI,ATL,1,2,0,0
20100602,MIL,FLO,7,4,3,0
20100602,WAS,HOU,1,5,0,1
20100602,ARI,LAN,0,1,0,0
20100602,NYN,SDN,1,5,0,1
20100602,COL,SFN,1,4,1,0
20100602,CIN,SLN,1,4,0,1
20100603,OAK,BOS,9,8,4,3
20100603,TEX,CHA,3,4,0,3
20100603,CLE,DET,6,12,0,2
20100603,ANA,KCA,5,4,1,1
20100603,BAL,NYA,3,6,2,2
20100603,MIN,SEA,1,4,0,1
20100603,MIL,FLO,2,3,0,0
20100603,WAS,HOU,4,6,0,3
20100603,ATL,LAN,4,3,1,0
20100604,BOS,BAL,11,0,3,0
20100604,CLE,CHA,10,1,1,1
20100604,DET,KCA,3,7,1,0
20100604,MIN,OAK,5,4,1,2
20100604,ANA,SEA,7,1,2,0
20100604,TBA,TEX,6,9,1,2
20100604,NYA,TOR,1,6,0,3
20100604,COL,ARI,6,7,3,2
20100604,CHN,HOU,1,3,0,0
20100604,ATL,LAN,4,5,0,0
20100604,FLO,NYN,3,4,0,0
20100604,SDN,PHI,2,3,0,1
20100604,SFN,PIT,6,4,3,0
20100604,MIL,SLN,0,8,0,1
20100604,CIN,WAS,2,4,0,0
20100605,BOS,BAL,8,2,1,0
20100605,CLE,CHA,3,1,0,0
20100605,DET,KCA,4,2,1,0
20100605,MIN,OAK,4,3,0,0
20100605,ANA,SEA,11,2,0,0
20100605,TBA,TEX,1,6,1,1
20100605,NYA,TOR,2,3,1,2
20100605,COL,ARI,3,4,0,0
20100605,CHN,HOU,8,5,2,2
20100605,ATL,LAN,9,3,1,0
20100605,FLO,NYN,1,6,0,1
20100605,SDN,PHI,2,6,0,1
20100605,SFN,PIT,3,6,0,2
20100605,MIL,SLN,4,5,1,1
20100605,CIN,WAS,5,1,0,0
20100606,BOS,BAL,3,4,1,0
20100606,CLE,CHA,7,8,1,1
20100606,DET,KCA,2,7,0,1
20100606,MIN,OAK,4,5,1,0
20100606,ANA,SEA,9,4,2,0
20100606,TBA,TEX,9,5,2,2
20100606,NYA,TOR,4,3,0,1
20100606,COL,ARI,3,2,1,1
20100606,CHN,HOU,3,6,0,1
20100606,ATL,LAN,4,5,2,1
20100606,FLO,NYN,6,7,2,1
20100606,SDN,PHI,6,5,2,0
20100606,SFN,PIT,6,5,0,2
20100606,MIL,SLN,4,3,1,2
20100606,CIN,WAS,5,4,1,0
20100607,BOS,CLE,4,1,0,1
20100607,ANA,OAK,4,2,1,1
20100607,SEA,TEX,4,2,1,0
20100607,ATL,ARI,4,7,0,1
20100607,SFN,CIN,6,5,0,1
20100607,HOU,COL,1,5,0,0
20100607,SLN,LAN,4,12,2,1
20100607,SDN,PHI,3,1,3,0
20100607,CHN,PIT,6,1,0,0
20100608,NYA,BAL,12,7,3,1
20100608,DET,CHA,7,2,2,1
20100608,BOS,CLE,3,2,0,1
20100608,KCA,MIN,3,7,0,1
20100608,ANA,OAK,1,10,0,2
20100608,TOR,TBA,0,9,0,2
20100608,SEA,TEX,1,7,0,1
20100608,ATL,ARI,7,5,0,3
20100608,SFN,CIN,3,0,1,0
20100608,HOU,COL,4,3,0,0
20100608,SLN,LAN,0,1,0,0
20100608,CHN,MIL,2,3,0,1
20100608,SDN,NYN,1,2,0,2
20100608,FLO,PHI,8,10,2,2
20100608,PIT,WAS,2,5,1,3
20100609,NYA,BAL,4,2,0,0
20100609,DET,CHA,3,15,2,3
20100609,BOS,CLE,0,11,0,1
20100609,KCA,MIN,2,6,0,1
20100609,ANA,OAK,7,1,1,0
20100609,TOR,TBA,1,10,0,3
20100609,SEA,TEX,2,12,0,2
20100609,ATL,ARI,1,2,0,1
20100609,SFN,CIN,3,6,1,1
20100609,HOU,COL,6,2,1,0
20100609,SLN,LAN,3,4,1,1
20100609,CHN,MIL,9,4,5,0
20100609,PIT,WAS,5,7,0,1
20100610,NYA,BAL,3,4,0,1
20100610,DET,CHA,0,3,0,2
20100610,BOS,CLE,7,8,1,0
20100610,KCA,MIN,9,8,3,1
20100610,ANA,OAK,1,6,0,0
20100610,TOR,TBA,3,2,1,2
20100610,SEA,TEX,3,12,0,2
20100610,ATL,ARI,11,7,0,1
20100610,SFN,CIN,6,7,2,0
20100610,HOU,COL,5,4,1,0
20100610,CHN,MIL,4,5,1,1
20100610,SDN,NYN,4,2,0,1
20100610,SDN,NYN,0,3,0,0
20100610,FLO,PHI,2,0,1,0
20100610,PIT,WAS,2,4,0,3
20100611,NYN,BAL,5,1,1,0
20100611,PHI,BOS,2,12,0,1
20100611,WAS,CLE,2,7,0,3
20100611,PIT,DET,2,6,0,2
20100611,ATL,MIN,1,2,0,0
20100611,HOU,NYA,3,4,0,0
20100611,FLO,TBA,14,9,2,1
20100611,SLN,ARI,5,2,1,0
20100611,CHA,CHN,10,5,3,1
20100611,KCA,CIN,6,5,1,1
20100611,TOR,COL,3,5,1,2
20100611,ANA,LAN,10,1,1,1
20100611,TEX,MIL,2,6,1,4
20100611,SEA,SDN,3,4,1,0
20100611,OAK,SFN,2,6,0,2
20100612,NYN,BAL,3,1,2,0
20100612,PHI,BOS,2,10,0,2
20100612,WAS,CLE,1,7,1,2
20100612,PIT,DET,3,4,1,1
20100612,ATL,MIN,3,2,1,0
20100612,HOU,NYA,3,9,2,3
20100612,FLO,TBA,5,6,1,3
20100612,SLN,ARI,2,7,1,4
20100612,CHA,CHN,2,1,0,0
20100612,KCA,CIN,5,11,0,3
20100612,TOR,COL,0,1,0,0
20100612,ANA,LAN,4,2,1,0
20100612,TEX,MIL,4,3,1,0
20100612,SEA,SDN,1,7,0,2
20100612,OAK,SFN,4,5,2,1
20100613,NYN,BAL,11,4,4,0
20100613,PHI,BOS,5,3,1,1
20100613,WAS,CLE,9,4,2,1
20100613,PIT,DET,3,4,1,2
20100613,ATL,MIN,7,3,3,1
20100613,HOU,NYA,5,9,1,2
20100613,FLO,TBA,6,1,2,0
20100613,SLN,ARI,5,7,0,2
20100613,CHA,CHN,0,1,0,0
20100613,KCA,CIN,7,3,2,2
20100613,TOR,COL,3,10,0,3
20100613,ANA,LAN,6,5,2,1
20100613,TEX,MIL,7,2,1,2
20100613,SEA,SDN,4,2,1,1
20100613,OAK,SFN,2,6,0,3
20100614,MIL,ANA,12,2,2,0
20100614,TOR,SDN,6,3,2,2
20100614,BAL,SFN,2,10,1,1
20100614,SEA,SLN,3,9,1,2
20100615,MIL,ANA,7,1,1,0
20100615,ARI,BOS,3,6,0,1
20100615,NYN,CLE,7,6,1,2
20100615,WAS,DET,4,7,1,1
20100615,HOU,KCA,7,15,1,0
20100615,COL,MIN,3,9,2,2
20100615,PHI,NYA,3,8,0,3
20100615,TBA,ATL,10,4,1,1
20100615,OAK,CHN,9,5,0,1
20100615,LAN,CIN,12,0,1,0
20100615,TEX,FLO,3,2,0,1
20100615,CHA,PIT,6,4,0,0
20100615,TOR,SDN,2,8,0,1
20100615,BAL,SFN,4,1,1,1
20100615,SEA,SLN,2,4,2,2
20100616,MIL,ANA,1,5,1,2
20100616,ARI,BOS,2,6,1,2
20100616,NYN,CLE,8,4,0,1
20100616,WAS,DET,3,8,2,1
20100616,HOU,KCA,4,2,0,0
20100616,COL,MIN,1,2,0,0
20100616,PHI,NYA,6,3,2,2
20100616,TBA,ATL,2,6,0,1
20100616,OAK,CHN,2,6,0,1
20100616,LAN,CIN,6,2,2,1
20100616,TEX,FLO,6,3,2,0
20100616,CHA,PIT,7,2,0,1
20100616,TOR,SDN,7,1,2,0
20100616,BAL,SFN,3,6,0,2
20100616,SEA,SLN,2,1,0,0
20100617,ARI,BOS,5,8,0,1
20100617,NYN,CLE,6,4,0,0
20100617,WAS,DET,3,8,1,0
20100617,HOU,KCA,2,5,0,1
20100617,COL,MIN,5,1,1,0
20100617,PHI,NYA,7,1,1,0
20100617,TBA,ATL,1,3,0,1
20100617,OAK,CHN,2,3,1,1
20100617,LAN,CIN,1,7,0,3
20100617,TEX,FLO,6,4,1,0
20100617,CHA,PIT,5,4,0,1
20100618,LAN,BOS,6,10,1,3
20100618,ARI,DET,5,7,1,1
20100618,NYN,NYA,4,0,0,0
20100618,CIN,SEA,0,1,0,0
20100618,SFN,TOR,2,3,0,1
20100618,KCA,ATL,4,6,1,0
20100618,ANA,CHN,7,6,2,3
20100618,MIL,COL,0,2,0,0
20100618,TBA,FLO,4,7,0,1
20100618,TEX,HOU,9,3,1,0
20100618,MIN,PHI,5,9,1,3
20100618,CLE,PIT,4,3,0,0
20100618,BAL,SDN,2,3,0,0
20100618,OAK,SLN,4,6,0,1
20100618,CHA,WAS,2,1,0,0
20100619,LAN,BOS,4,5,1,2
20100619,ARI,DET,6,5,2,0
20100619,NYN,NYA,3,5,2,2
20100619,CIN,SEA,1,5,0,2
20100619,SFN,TOR,0,3,0,1
20100619,KCA,ATL,4,5,0,2
20100619,ANA,CHN,12,0,2,0
20100619,MIL,COL,7,8,1,2
20100619,TBA,FLO,9,8,0,2
20100619,TEX,HOU,5,1,2,0
20100619,MIN,PHI,13,10,4,5
20100619,CLE,PIT,4,6,1,0
20100619,BAL,SDN,5,4,1,0
20100619,OAK,SLN,3,4,0,1
20100619,CHA,WAS,1,0,0,0
20100620,LAN,BOS,0,2,0,0
20100620,ARI,DET,1,3,0,2
20100620,NYN,NYA,0,4,0,1
20100620,CIN,SEA,0,1,0,0
20100620,SFN,TOR,9,6,3,1
20100620,KCA,ATL,5,8,0,0
20100620,ANA,CHN,1,12,0,1
20100620,MIL,COL,6,1,0,1
20100620,TBA,FLO,1,4,1,1
20100620,TEX,HOU,5,4,0,0
20100620,MIN,PHI,4,1,2,1
20100620,CLE,PIT,3,5,1,0
20100620,BAL,SDN,4,9,0,2
20100620,OAK,SLN,3,2,1,2
20100620,CHA,WAS,6,3,0,0
20100621,CIN,OAK,6,4,3,1
20100621,NYA,ARI,4,10,0,4
20100621,KCA,WAS,1,2,0,2
20100622,LAN,ANA,3,6,1,1
20100622,FLO,BAL,10,4,0,1
20100622,ATL,CHA,6,9,2,1
20100622,CIN,OAK,4,2,0,1
20100622,CHN,SEA,0,2,0,1
20100622,SDN,TBA,2,1,0,0
20100622,PIT,TEX,3,6,0,3
20100622,SLN,TOR,9,4,4,2
20100622,NYA,ARI,9,3,1,0
20100622,BOS,COL,1,2,0,0
20100622,SFN,HOU,3,1,0,0
20100622,MIN,MIL,5,7,0,2
20100622,DET,NYN,6,14,1,0
20100622,CLE,PHI,1,2,1,0
20100622,KCA,WAS,3,4,0,2
20100623,LAN,ANA,1,2,0,0
20100623,FLO,BAL,7,5,2,2
20100623,ATL,CHA,2,4,0,2
20100623,CIN,OAK,3,0,0,0
20100623,CHN,SEA,1,8,1,1
20100623,SDN,TBA,5,4,3,1
20100623,PIT,TEX,3,13,0,1
20100623,SLN,TOR,1,0,0,0
20100623,NYA,ARI,6,5,1,0
20100623,BOS,COL,6,8,1,3
20100623,SFN,HOU,3,6,0,0
20100623,MIN,MIL,3,5,0,0
20100623,DET,NYN,0,5,0,1
20100623,CLE,PHI,6,7,2,3
20100623,KCA,WAS,1,0,0,0
20100624,LAN,ANA,10,6,0,1
20100624,FLO,BAL,5,11,0,2
20100624,ATL,CHA,0,2,0,1
20100624,CHN,SEA,3,2,0,0
20100624,SDN,TBA,3,5,1,3
20100624,PIT,TEX,5,6,0,0
20100624,SLN,TOR,0,5,0,3
20100624,BOS,COL,13,11,4,0
20100624,SFN,HOU,5,7,1,2
20100624,MIN,MIL,0,5,0,2
20100624,DET,NYN,6,5,2,0
20100624,CLE,PHI,3,12,1,1
20100625,COL,ANA,4,3,1,0
20100625,WAS,BAL,6,7,0,1
20100625,CHN,CHA,0,6,0,2
20100625,SLN,KCA,2,4,0,0
20100625,PIT,OAK,4,14,1,0
20100625,ARI,TBA,1,0,1,0
20100625,HOU,TEX,7,4,1,0
20100625,PHI,TOR,9,0,1,0
20100625,DET,ATL,1,3,0,2
20100625,CLE,CIN,3,10,2,2
20100625,SDN,FLO,3,0,1,0
20100625,NYA,LAN,2,1,1,0
20100625,SEA,MIL,3,8,0,2
20100625,MIN,NYN,2,5,1,1
20100625,BOS,SFN,4,5,1,1
20100626,COL,ANA,2,4,1,1
20100626,WAS,BAL,5,6,0,1
20100626,CHN,CHA,2,3,1,1
20100626,SLN,KCA,5,3,2,0
20100626,PIT,OAK,0,5,0,1
20100626,ARI,TBA,3,5,2,0
20100626,HOU,TEX,2,7,1,1
20100626,PHI,TOR,1,5,1,3
20100626,DET,ATL,3,4,1,1
20100626,CLE,CIN,4,6,0,0
20100626,SDN,FLO,2,1,0,0
20100626,NYA,LAN,4,9,1,0
20100626,SEA,MIL,5,4,2,1
20100626,MIN,NYN,6,0,1,0
20100626,BOS,SFN,4,2,2,0
20100627,COL,ANA,3,10,1,2
20100627,WAS,BAL,3,4,1,0
20100627,CHN,CHA,8,6,2,1
20100627,SLN,KCA,3,10,2,1
20100627,PIT,OAK,2,3,1,1
20100627,ARI,TBA,2,1,1,0
20100627,HOU,TEX,1,10,0,2
20100627,PHI,TOR,11,2,0,1
20100627,DET,ATL,10,4,1,0
20100627,CLE,CIN,5,3,3,1
20100627,SDN,FLO,4,2,1,0
20100627,NYA,LAN,8,6,2,1
20100627,SEA,MIL,0,3,0,1
20100627,MIN,NYN,0,6,0,3
20100627,BOS,SFN,5,1,2,0
20100628,TOR,CLE,1,2,0,0
20100628,CHA,KCA,1,3,1,0
20100628,DET,MIN,7,5,1,1
20100628,WAS,ATL,0,5,0,0
20100628,PIT,CHN,2,1,0,0
20100628,PHI,CIN,3,7,1,1
20100628,NYN,FLO,3,10,2,3
20100628,HOU,MIL,9,5,1,1
20100628,COL,SDN,10,6,4,1
20100628,LAN,SFN,4,2,1,0
20100628,ARI,SLN,5,6,3,0
20100629,TEX,ANA,5,6,2,1
20100629,OAK,BAL,4,2,0,0
20100629,TBA,BOS,5,8,1,2
20100629,TOR,CLE,4,5,0,1
20100629,CHA,KCA,4,3,0,0
20100629,DET,MIN,4,11,0,1
20100629,SEA,NYA,7,4,1,2
20100629,WAS,ATL,7,2,1,0
20100629,PIT,CHN,1,3,1,2
20100629,PHI,CIN,9,6,2,1
20100629,NYN,FLO,6,7,0,2
20100629,HOU,MIL,5,7,1,4
20100629,COL,SDN,6,3,2,1
20100629,LAN,SFN,4,2,0,1
20100629,ARI,SLN,0,8,0,2
20100630,TEX,ANA,6,4,2,1
20100630,OAK,BAL,6,9,1,5
20100630,TBA,BOS,9,4,1,0
20100630,TOR,CLE,1,3,0,2
20100630,CHA,KCA,6,7,0,2
20100630,DET,MIN,1,5,0,1
20100630,SEA,NYA,7,0,4,0
20100630,WAS,ATL,1,4,0,0
20100630,PIT,CHN,2,0,0,0
20100630,PHI,CIN,3,4,1,2
20100630,NYN,FLO,6,5,0,0
20100630,HOU,MIL,5,1,0,0
20100630,COL,SDN,3,13,0,0
20100630,LAN,SFN,8,2,2,1
20100630,ARI,SLN,4,2,1,0
20100701,TEX,ANA,1,2,0,0
20100701,OAK,BAL,8,1,0,0
20100701,TOR,CLE,1,6,0,2
20100701,TBA,MIN,5,4,0,1
20100701,SEA,NYA,2,4,0,2
20100701,CIN,CHN,3,2,0,0
20100701,SFN,COL,3,7,1,1
20100701,PHI,PIT,2,3,1,0
20100701,HOU,SDN,6,3,1,0
20100701,MIL,SLN,4,1,3,1
20100701,NYN,WAS,1,2,0,0
20100702,KCA,ANA,2,1,0,0
20100702,BAL,BOS,2,3,1,2
20100702,OAK,CLE,3,0,0,0
20100702,SEA,DET,1,7,1,1
20100702,TBA,MIN,1,2,0,0
20100702,TOR,NYA,6,1,0,0
20100702,CHA,TEX,5,3,0,1
20100702,LAN,ARI,5,12,0,1
20100702,FLO,ATL,3,4,2,0
20100702,CIN,CHN,12,0,2,0
20100702,SFN,COL,3,6,2,1
20100702,PHI,PIT,0,2,0,0
20100702,HOU,SDN,0,3,0,0
20100702,MIL,SLN,0,5,0,1
20100702,NYN,WAS,5,3,0,1
20100703,KCA,ANA,4,2,0,1
20100703,BAL,BOS,3,9,1,1
20100703,OAK,CLE,4,5,0,1
20100703,SEA,DET,1,6,0,0
20100703,TBA,MIN,8,6,1,3
20100703,TOR,NYA,3,11,2,1
20100703,CHA,TEX,1,3,0,0
20100703,LAN,ARI,14,1,3,1
20100703,FLO,ATL,1,4,0,0
20100703,CIN,CHN,1,3,0,0
20100703,SFN,COL,11,8,2,1
20100703,PHI,PIT,12,4,2,2
20100703,HOU,SDN,0,1,0,0
20100703,MIL,SLN,12,5,2,2
20100703,NYN,WAS,5,6,0,0
20100704,KCA,ANA,0,11,0,3
20100704,BAL,BOS,6,1,0,1
20100704,OAK,CLE,3,1,1,0
20100704,SEA,DET,8,1,2,0
20100704,TBA,MIN,7,4,1,0
20100704,TOR,NYA,6,7,3,1
20100704,CHA,TEX,5,3,1,2
20100704,LAN,ARI,3,1,1,0
20100704,FLO,ATL,3,2,1,1
20100704,CIN,CHN,14,3,7,2
20100704,SFN,COL,3,4,2,1
20100704,PHI,PIT,5,8,1,1
20100704,HOU,SDN,2,3,1,0
20100704,MIL,SLN,1,7,1,1
20100704,NYN,WAS,9,5,1,1
20100705,ANA,CHA,2,9,0,4
20100705,BAL,DET,9,12,1,0
20100705,NYA,OAK,3,1,1,0
20100705,KCA,SEA,6,4,0,1
20100705,BOS,TBA,5,6,2,0
20100705,CLE,TEX,9,3,4,0
20100705,CHN,ARI,9,4,2,1
20100705,FLO,LAN,6,5,0,1
20100705,SFN,MIL,6,1,1,0
20100705,CIN,NYN,8,6,2,1
20100705,ATL,PHI,1,3,1,1
20100706,ANA,CHA,1,4,0,2
20100706,BAL,DET,5,7,1,2
20100706,NYA,OAK,6,1,2,0
20100706,KCA,SEA,3,2,1,0
20100706,BOS,TBA,2,3,0,1
20100706,CLE,TEX,1,12,1,4
20100706,MIN,TOR,7,6,3,3
20100706,CHN,ARI,6,4,3,1
20100706,SLN,COL,9,12,2,3
20100706,PIT,HOU,2,6,0,2
20100706,FLO,LAN,3,7,1,3
20100706,SFN,MIL,6,1,0,0
20100706,CIN,NYN,0,3,0,1
20100706,ATL,PHI,6,3,2,1
20100706,SDN,WAS,5,6,0,3
20100707,ANA,CHA,2,5,0,0
20100707,BAL,DET,2,4,0,1
20100707,NYA,OAK,6,2,2,0
20100707,KCA,SEA,7,3,3,2
20100707,BOS,TBA,4,6,1,1
20100707,CLE,TEX,3,4,1,1
20100707,MIN,TOR,5,6,2,2
20100707,CHN,ARI,8,3,1,0
20100707,SLN,COL,7,8,3,2
20100707,PIT,HOU,3,6,0,4
20100707,FLO,LAN,4,0,1,0
20100707,SFN,MIL,15,2,4,1
20100707,CIN,NYN,3,1,2,1
20100707,ATL,PHI,7,5,3,2
20100707,SDN,WAS,6,7,3,4
20100708,ANA,CHA,0,1,0,0
20100708,NYA,SEA,3,1,0,0
20100708,CLE,TBA,2,5,2,3
20100708,BAL,TEX,6,4,2,1
20100708,MIN,TOR,1,8,1,5
20100708,FLO,ARI,4,10,1,0
20100708,SLN,COL,2,4,0,0
20100708,PIT,HOU,0,2,0,2
20100708,CHN,LAN,2,3,1,1
20100708,SFN,MIL,9,3,3,0
20100708,CIN,PHI,3,4,1,2
20100708,SDN,WAS,7,1,4,0
20100709,KCA,CHA,2,8,1,2
20100709,MIN,DET,3,7,0,0
20100709,ANA,OAK,6,5,3,1
20100709,NYA,SEA,6,1,2,0
20100709,CLE,TBA,9,3,3,1
20100709,BAL,TEX,7,6,2,1
20100709,BOS,TOR,14,3,4,2
20100709,FLO,ARI,3,2,0,0
20100709,SDN,COL,8,10,1,3
20100709,SLN,HOU,8,0,2,0
20100709,CHN,LAN,7,9,0,1
20100709,PIT,MIL,4,5,2,2
20100709,ATL,NYN,4,2,2,0
20100709,CIN,PHI,7,9,1,3
20100709,SFN,WAS,1,8,1,2
20100710,KCA,CHA,1,5,0,3
20100710,MIN,DET,4,7,1,4
20100710,ANA,OAK,1,15,0,3
20100710,NYA,SEA,1,4,1,1
20100710,CLE,TBA,0,4,0,0
20100710,BAL,TEX,6,1,3,0
20100710,BOS,TOR,5,9,0,3
20100710,FLO,ARI,4,5,1,2
20100710,SDN,COL,2,4,0,3
20100710,SLN,HOU,1,4,0,1
20100710,CHN,LAN,7,3,2,0
20100710,PIT,MIL,3,4,2,2
20100710,ATL,NYN,4,0,0,0
20100710,CIN,PHI,0,1,0,0
20100710,SFN,WAS,10,5,2,1
20100711,KCA,CHA,5,15,1,5
20100711,MIN,DET,6,3,0,0
20100711,ANA,OAK,2,5,1,1
20100711,NYA,SEA,8,2,1,1
20100711,CLE,TBA,5,6,0,1
20100711,BAL,TEX,4,1,1,1
20100711,BOS,TOR,3,2,2,1
20100711,FLO,ARI,2,0,0,0
20100711,SDN,COL,9,7,1,0
20100711,SLN,HOU,4,2,1,0
20100711,CHN,LAN,0,7,0,1
20100711,PIT,MIL,5,6,2,3
20100711,ATL,NYN,0,3,0,1
20100711,CIN,PHI,0,1,0,0
20100711,SFN,WAS,6,2,0,0
20100715,SEA,ANA,3,8,0,0
20100715,TEX,BOS,7,2,1,2
20100715,CHA,MIN,8,7,1,0
20100715,MIL,ATL,1,2,1,2
20100715,PHI,CHN,6,12,2,3
20100715,NYN,SFN,0,2,0,0
20100715,LAN,SLN,1,7,1,0
20100716,SEA,ANA,2,3,1,0
20100716,TOR,BAL,4,2,1,0
20100716,TEX,BOS,8,4,1,1
20100716,DET,CLE,2,8,0,2
20100716,OAK,KCA,5,1,0,0
20100716,CHA,MIN,4,7,0,0
20100716,TBA,NYA,4,5,0,3
20100716,MIL,ATL,9,3,1,0
20100716,PHI,CHN,3,4,2,2
20100716,COL,CIN,2,3,1,0
20100716,WAS,FLO,4,0,0,0
20100716,HOU,PIT,5,2,1,0
20100716,ARI,SDN,1,12,0,2
20100716,NYN,SFN,0,1,0,0
20100716,LAN,SLN,4,8,0,1
20100717,SEA,ANA,6,7,2,2
20100717,TOR,BAL,3,2,2,0
20100717,TEX,BOS,2,3,0,0
20100717,DET,CLE,3,4,0,0
20100717,DET,CLE,1,2,0,1
20100717,OAK,KCA,6,5,0,1
20100717,CHA,MIN,2,3,1,0
20100717,TBA,NYA,10,5,3,2
20100717,MIL,ATL,6,3,1,2
20100717,PHI,CHN,4,1,0,0
20100717,COL,CIN,1,8,0,4
20100717,WAS,FLO,0,2,0,0
20100717,HOU,PIT,6,12,1,0
20100717,ARI,SDN,5,8,1,4
20100717,NYN,SFN,4,8,2,2
20100717,LAN,SLN,0,2,0,0
20100718,SEA,ANA,2,1,0,1
20100718,TOR,BAL,10,1,1,0
20100718,TEX,BOS,4,2,0,1
20100718,DET,CLE,2,7,0,1
20100718,OAK,KCA,9,6,3,0
20100718,CHA,MIN,6,7,0,1
20100718,TBA,NYA,5,9,2,1
20100718,MIL,ATL,6,11,3,2
20100718,PHI,CHN,6,11,3,2
20100718,COL,CIN,1,0,1,0
20100718,WAS,FLO,0,1,0,0
20100718,HOU,PIT,0,9,0,1
20100718,ARI,SDN,4,6,2,2
20100718,NYN,SFN,4,3,1,0
20100718,LAN,SLN,4,5,0,0
20100719,TBA,BAL,8,1,0,0
20100719,TEX,DET,8,6,2,3
20100719,TOR,KCA,4,5,1,0
20100719,CLE,MIN,10,4,0,1
20100719,BOS,OAK,2,1,1,1
20100719,CHA,SEA,6,1,2,0
20100719,NYN,ARI,2,13,0,1
20100719,HOU,CHN,11,5,2,2
20100719,WAS,CIN,2,7,0,2
20100719,COL,FLO,8,9,2,2
20100719,SFN,LAN,5,2,1,1
20100719,MIL,PIT,3,1,2,0
20100719,PHI,SLN,4,8,0,4
20100720,TBA,BAL,10,11,3,4
20100720,TEX,DET,8,0,3,0
20100720,TOR,KCA,13,1,2,0
20100720,CLE,MIN,4,3,0,0
20100720,ANA,NYA,10,2,3,1
20100720,BOS,OAK,4,5,0,0
20100720,CHA,SEA,4,0,1,0
20100720,NYN,ARI,2,3,2,1
20100720,SDN,ATL,1,4,1,1
20100720,HOU,CHN,7,14,1,4
20100720,WAS,CIN,7,8,1,1
20100720,COL,FLO,10,0,1,0
20100720,SFN,LAN,7,5,0,1
20100720,MIL,PIT,9,11,2,2
20100720,PHI,SLN,1,7,0,2
20100721,TBA,BAL,5,4,1,1
20100721,TEX,DET,1,4,0,1
20100721,TOR,KCA,2,5,0,0
20100721,CLE,MIN,0,6,0,0
20100721,ANA,NYA,6,10,2,3
20100721,BOS,OAK,4,6,1,2
20100721,CHA,SEA,1,2,0,0
20100721,NYN,ARI,3,4,2,3
20100721,SDN,ATL,6,4,1,1
20100721,HOU,CHN,4,3,1,1
20100721,WAS,CIN,8,5,2,0
20100721,COL,FLO,2,5,1,1
20100721,SFN,LAN,0,2,0,1
20100721,MIL,PIT,3,15,1,3
20100721,PHI,SLN,1,5,1,1
20100722,MIN,BAL,5,0,1,0
20100722,TOR,DET,2,5,1,0
20100722,KCA,NYA,4,10,0,2
20100722,BOS,SEA,8,6,3,1
20100722,ANA,TEX,2,3,1,1
20100722,SFN,ARI,3,0,1,0
20100722,SDN,ATL,0,8,0,0
20100722,WAS,CIN,7,1,2,0
20100722,COL,FLO,2,3,1,1
20100722,NYN,LAN,0,2,0,1
20100722,MIL,PIT,3,2,2,0
20100722,PHI,SLN,2,0,1,0
20100723,MIN,BAL,2,3,1,1
20100723,TBA,CLE,1,3,0,1
20100723,KCA,NYA,1,7,0,0
20100723,CHA,OAK,5,1,0,0
20100723,BOS,SEA,2,1,1,0
20100723,ANA,TEX,0,1,0,1
20100723,SFN,ARI,7,4,2,1
20100723,SLN,CHN,0,5,0,3
20100723,ATL,FLO,6,7,2,2
20100723,CIN,HOU,6,4,1,1
20100723,NYN,LAN,6,1,1,0
20100723,WAS,MIL,5,7,2,1
20100723,COL,PHI,0,6,0,1
20100723,SDN,PIT,5,3,0,0
20100724,MIN,BAL,7,2,1,1
20100724,TBA,CLE,6,3,2,1
20100724,TOR,DET,3,2,0,0
20100724,KCA,NYA,7,4,1,3
20100724,CHA,OAK,2,10,1,3
20100724,BOS,SEA,1,5,1,1
20100724,ANA,TEX,6,2,1,2
20100724,SFN,ARI,10,4,1,2
20100724,SLN,CHN,5,6,0,2
20100724,ATL,FLO,10,5,2,2
20100724,CIN,HOU,7,0,3,0
20100724,NYN,LAN,2,3,0,1
20100724,WAS,MIL,3,4,0,2
20100724,COL,PHI,2,10,1,1
20100724,SDN,PIT,9,2,0,2
20100725,MIN,BAL,10,4,4,0
20100725,TBA,CLE,4,2,1,0
20100725,TOR,DET,5,3,3,1
20100725,TOR,DET,5,6,2,0
20100725,KCA,NYA,6,12,3,2
20100725,CHA,OAK,4,6,0,0
20100725,BOS,SEA,2,4,0,0
20100725,ANA,TEX,4,6,2,0
20100725,SFN,ARI,3,2,0,0
20100725,SLN,CHN,4,3,2,0
20100725,ATL,FLO,4,5,1,0
20100725,CIN,HOU,0,4,0,2
20100725,NYN,LAN,0,1,0,0
20100725,WAS,MIL,3,8,0,2
20100725,COL,PHI,3,4,1,1
20100725,SDN,PIT,6,3,2,1
20100726,BOS,ANA,6,3,2,2
20100726,SEA,CHA,1,6,0,1
20100726,NYA,CLE,3,2,2,1
20100726,MIN,KCA,19,1,2,0
20100726,DET,TBA,0,5,0,2
20100726,BAL,TOR,5,9,3,3
20100726,CHN,HOU,5,2,1,0
20100726,CIN,MIL,2,3,0,2
20100726,COL,PHI,4,5,1,0
20100726,FLO,SFN,4,3,2,1
20100727,BOS,ANA,4,2,0,1
20100727,SEA,CHA,0,11,0,3
20100727,NYA,CLE,1,4,0,0
20100727,MIN,KCA,11,2,1,0
20100727,DET,TBA,2,3,0,1
20100727,OAK,TEX,1,3,0,1
20100727,BAL,TOR,2,8,0,2
20100727,PIT,COL,4,2,1,2
20100727,CHN,HOU,1,6,1,1
20100727,CIN,MIL,12,4,0,2
20100727,SLN,NYN,2,8,0,2
20100727,ARI,PHI,5,9,1,3
20100727,LAN,SDN,2,0,0,0
20100727,FLO,SFN,4,6,3,2
20100727,ATL,WAS,0,3,0,0
20100728,BOS,ANA,7,3,4,0
20100728,SEA,CHA,5,6,1,3
20100728,NYA,CLE,8,0,1,0
20100728,MIN,KCA,6,4,2,0
20100728,DET,TBA,4,7,2,1
20100728,OAK,TEX,3,1,1,0
20100728,BAL,TOR,0,5,0,1
20100728,PIT,COL,6,2,2,1
20100728,CHN,HOU,1,8,0,2
20100728,CIN,MIL,10,2,2,0
20100728,SLN,NYN,8,7,1,2
20100728,ARI,PHI,1,7,0,0
20100728,LAN,SDN,1,6,0,0
20100728,FLO,SFN,9,10,3,1
20100728,ATL,WAS,3,1,0,0
20100729,SEA,CHA,5,9,0,4
20100729,NYA,CLE,11,4,1,0
20100729,BAL,KCA,6,5,2,0
20100729,DET,TBA,2,4,0,1
20100729,OAK,TEX,4,7,0,2
20100729,PIT,COL,3,9,1,2
20100729,SLN,NYN,0,4,0,1
20100729,ARI,PHI,2,3,1,1
20100729,LAN,SDN,2,3,1,0
20100729,FLO,SFN,5,0,0,0
20100729,ATL,WAS,3,5,1,2
20100730,TEX,ANA,7,9,1,2
20100730,DET,BOS,6,5,2,2
20100730,OAK,CHA,1,6,0,0
20100730,BAL,KCA,5,7,0,1
20100730,SEA,MIN,3,5,0,2
20100730,NYA,TBA,2,3,1,1
20100730,CLE,TOR,1,8,0,2
20100730,ATL,CIN,6,4,1,1
20100730,CHN,COL,2,17,0,3
20100730,MIL,HOU,0,5,0,3
20100730,ARI,NYN,9,6,2,2
20100730,FLO,SDN,4,2,2,0
20100730,LAN,SFN,5,6,1,2
20100730,PIT,SLN,0,1,0,0
20100730,PHI,WAS,1,8,1,0
20100731,TEX,ANA,2,1,1,1
20100731,DET,BOS,4,5,1,0
20100731,OAK,CHA,6,2,1,1
20100731,BAL,KCA,3,4,0,2
20100731,SEA,MIN,0,4,0,0
20100731,NYA,TBA,5,4,3,1
20100731,CLE,TOR,2,1,0,1
20100731,ATL,CIN,2,5,0,1
20100731,CHN,COL,5,6,1,2
20100731,MIL,HOU,0,6,0,0
20100731,ARI,NYN,4,5,0,0
20100731,FLO,SDN,6,3,2,1
20100731,LAN,SFN,1,2,1,1
20100731,PIT,SLN,1,11,1,2
20100731,PHI,WAS,5,7,2,1
20100801,TEX,ANA,1,4,0,0
20100801,DET,BOS,3,4,0,0
20100801,OAK,CHA,1,4,0,0
20100801,BAL,KCA,4,5,2,1
20100801,SEA,MIN,0,4,0,0
20100801,NYA,TBA,0,3,0,0
20100801,CLE,TOR,5,4,2,3
20100801,ATL,CIN,1,2,1,0
20100801,CHN,COL,7,8,1,0
20100801,MIL,HOU,2,5,1,1
20100801,ARI,NYN,14,1,4,0
20100801,FLO,SDN,4,5,1,0
20100801,LAN,SFN,0,2,0,0
20100801,PIT,SLN,1,9,0,2
20100801,PHI,WAS,6,4,0,1
20100802,CLE,BOS,6,5,0,2
20100802,TOR,NYA,8,6,2,3
20100802,KCA,OAK,0,6,0,1
20100802,MIN,TBA,2,4,1,0
20100802,WAS,ARI,3,1,2,0
20100802,NYN,ATL,1,4,0,1
20100802,MIL,CHN,18,1,1,0
20100802,SDN,LAN,10,5,2,1
20100802,CIN,PIT,4,0,1,0
20100802,HOU,SLN,9,4,0,1
20100803,ANA,BAL,3,6,1,1
20100803,CLE,BOS,1,3,1,2
20100803,CHA,DET,12,2,3,0
20100803,CHA,DET,1,7,1,0
20100803,TOR,NYA,8,2,4,1
20100803,KCA,OAK,3,2,1,0
20100803,TEX,SEA,2,3,0,1
20100803,MIN,TBA,4,6,1,2
20100803,WAS,ARI,1,6,1,2
20100803,NYN,ATL,3,2,1,0
20100803,MIL,CHN,4,3,0,1
20100803,SFN,COL,10,0,3,0
20100803,PHI,FLO,6,1,2,1
20100803,SDN,LAN,1,2,1,0
20100803,CIN,PIT,6,7,0,0
20100803,HOU,SLN,18,4,0,2
20100804,ANA,BAL,7,9,0,1
20100804,CLE,BOS,9,1,2,1
20100804,CHA,DET,4,1,2,0
20100804,TOR,NYA,1,5,0,1
20100804,KCA,OAK,3,4,1,0
20100804,TEX,SEA,11,6,2,1
20100804,MIN,TBA,2,1,0,0
20100804,WAS,ARI,7,2,3,1
20100804,NYN,ATL,3,8,0,3
20100804,MIL,CHN,3,15,0,4
20100804,SFN,COL,1,6,0,3
20100804,PHI,FLO,7,2,0,1
20100804,SDN,LAN,0,9,0,1
20100804,CIN,PIT,9,4,1,3
20100804,HOU,SLN,4,8,1,1
20100805,ANA,BAL,4,5,1,1
20100805,CLE,BOS,2,6,1,1
20100805,CHA,DET,6,4,1,2
20100805,TEX,SEA,6,0,1,0
20100805,MIN,TBA,8,6,1,2
20100805,WAS,ARI,4,8,4,0
20100805,SFN,ATL,2,3,0,2
20100805,PHI,FLO,5,4,1,0
20100805,SDN,LAN,5,0,1,0
20100805,COL,PIT,1,5,0,2
20100806,CHA,BAL,1,2,1,0
20100806,MIN,CLE,6,7,1,1
20100806,ANA,DET,4,2,1,1
20100806,BOS,NYA,6,3,2,1
20100806,TEX,OAK,5,1,2,0
20100806,KCA,SEA,1,7,0,1
20100806,TBA,TOR,1,2,0,0
20100806,SDN,ARI,1,2,1,1
20100806,SFN,ATL,3,2,0,2
20100806,CIN,CHN,3,0,1,0
20100806,SLN,FLO,7,0,1,0
20100806,WAS,LAN,6,3,2,1
20100806,HOU,MIL,5,6,0,1
20100806,NYN,PHI,5,7,1,0
20100806,COL,PIT,6,3,1,1
20100807,CHA,BAL,4,2,1,1
20100807,MIN,CLE,7,2,2,0
20100807,ANA,DET,10,1,1,0
20100807,BOS,NYA,2,5,1,0
20100807,TEX,OAK,2,6,1,1
20100807,KCA,SEA,2,1,0,1
20100807,TBA,TOR,11,17,1,8
20100807,SDN,ARI,5,6,2,2
20100807,SFN,ATL,0,3,0,0
20100807,CIN,CHN,4,3,1,0
20100807,SLN,FLO,4,5,0,3
20100807,WAS,LAN,2,3,1,0
20100807,HOU,MIL,2,5,0,2
20100807,NYN,PHI,1,0,1,0
20100807,COL,PIT,7,8,2,3
20100808,CHA,BAL,3,4,1,1
20100808,MIN,CLE,5,4,1,1
20100808,ANA,DET,4,9,0,0
20100808,BOS,NYA,2,7,1,1
20100808,TEX,OAK,2,3,0,0
20100808,KCA,SEA,2,3,1,0
20100808,TBA,TOR,0,1,0,0
20100808,SDN,ARI,10,1,2,0
20100808,SFN,ATL,3,6,1,2
20100808,CIN,CHN,11,4,1,1
20100808,WAS,LAN,3,8,2,0
20100808,HOU,MIL,6,11,0,1
20100808,NYN,PHI,5,6,0,2
20100808,COL,PIT,8,4,1,0
20100809,KCA,ANA,4,6,1,1
20100809,CHA,BAL,2,3,1,2
20100809,TBA,DET,6,3,1,1
20100809,BOS,NYA,2,1,0,1
20100809,OAK,SEA,1,3,0,0
20100809,SLN,CIN,7,3,1,1
20100809,ATL,HOU,4,10,2,0
20100809,ARI,MIL,7,4,1,0
20100809,CHN,SFN,3,4,0,0
20100810,KCA,ANA,1,3,0,0
20100810,MIN,CHA,12,6,5,1
20100810,BAL,CLE,14,8,4,1
20100810,TBA,DET,8,0,0,0
20100810,OAK,SEA,0,2,0,0
20100810,NYA,TEX,3,4,1,1
20100810,BOS,TOR,7,5,2,3
20100810,SLN,CIN,8,4,1,0
20100810,ATL,HOU,4,2,2,0
20100810,ARI,MIL,2,1,1,1
20100810,COL,NYN,0,1,0,0
20100810,LAN,PHI,15,9,2,3
20100810,PIT,SDN,1,4,0,2
20100810,CHN,SFN,8,6,1,0
20100810,FLO,WAS,8,2,1,0
20100811,KCA,ANA,1,2,1,1
20100811,MIN,CHA,1,6,0,1
20100811,BAL,CLE,3,1,1,0
20100811,TBA,DET,2,3,0,1
20100811,OAK,SEA,5,1,0,0
20100811,NYA,TEX,7,6,1,1
20100811,BOS,TOR,10,1,4,0
20100811,SLN,CIN,6,1,1,0
20100811,ATL,HOU,8,2,1,0
20100811,ARI,MIL,8,2,4,2
20100811,COL,NYN,6,2,1,1
20100811,LAN,PHI,0,2,0,0
20100811,PIT,SDN,5,8,0,1
20100811,CHN,SFN,4,5,2,2
20100811,FLO,WAS,9,5,2,3
20100812,MIN,CHA,6,1,2,0
20100812,BAL,CLE,1,4,0,0
20100812,NYA,KCA,4,3,1,0
20100812,BOS,TOR,5,6,2,1
20100812,ARI,MIL,4,8,1,1
20100812,COL,NYN,0,4,0,0
20100812,LAN,PHI,9,10,1,0
20100812,PIT,SDN,0,3,0,1
20100812,CHN,SFN,7,8,0,3
20100812,FLO,WAS,5,0,1,0
20100813,TOR,ANA,3,0,0,0
20100813,DET,CHA,4,8,2,3
20100813,SEA,CLE,3,2,0,0
20100813,NYA,KCA,3,4,0,1
20100813,OAK,MIN,3,4,0,0
20100813,BAL,TBA,5,0,1,0
20100813,BOS,TEX,9,10,5,4
20100813,LAN,ATL,0,1,0,1
20100813,FLO,CIN,2,7,2,1
20100813,MIL,COL,4,5,0,1
20100813,PIT,HOU,1,4,0,1
20100813,PHI,NYN,0,1,0,0
20100813,SDN,SFN,3,2,0,0
20100813,CHN,SLN,3,6,1,1
20100813,ARI,WAS,2,4,0,1
20100814,TOR,ANA,2,7,1,3
20100814,DET,CHA,3,2,2,0
20100814,SEA,CLE,9,3,3,1
20100814,NYA,KCA,8,3,5,1
20100814,OAK,MIN,0,2,0,0
20100814,BAL,TBA,3,7,1,2
20100814,BOS,TEX,3,1,0,1
20100814,LAN,ATL,2,1,0,0
20100814,FLO,CIN,4,5,2,1
20100814,MIL,COL,5,4,0,1
20100814,PIT,HOU,2,3,1,1
20100814,PHI,NYN,4,0,0,0
20100814,SDN,SFN,2,3,0,1
20100814,CHN,SLN,3,2,2,0
20100814,ARI,WAS,9,2,4,1
20100815,TOR,ANA,4,1,1,1
20100815,DET,CHA,13,8,4,2
20100815,SEA,CLE,1,9,0,3
20100815,NYA,KCA,0,1,0,0
20100815,OAK,MIN,2,4,0,1
20100815,BAL,TBA,2,3,1,1
20100815,BOS,TEX,3,7,1,1
20100815,LAN,ATL,1,13,0,1
20100815,FLO,CIN,0,2,0,1
20100815,MIL,COL,5,6,0,2
20100815,PIT,HOU,2,8,0,1
20100815,PHI,NYN,3,1,0,1
20100815,SDN,SFN,8,2,1,1
20100815,CHN,SLN,9,7,2,2
20100815,ARI,WAS,3,5,1,2
20100816,SEA,BAL,4,5,3,0
20100816,DET,NYA,3,1,2,0
20100816,TOR,OAK,3,1,2,1
20100816,TEX,TBA,4,6,0,0
20100816,LAN,ATL,3,4,0,0
20100816,SDN,CHN,9,5,0,1
20100816,NYN,HOU,3,1,1,0
20100816,FLO,PIT,1,7,0,1
20100817,SEA,BAL,4,0,1,0
20100817,ANA,BOS,0,6,0,2
20100817,CLE,KCA,1,2,0,2
20100817,CHA,MIN,6,7,3,3
20100817,DET,NYA,2,6,2,2
20100817,TOR,OAK,2,6,0,0
20100817,TEX,TBA,1,10,0,1
20100817,CIN,ARI,6,2,1,1
20100817,WAS,ATL,2,10,0,1
20100817,SDN,CHN,1,0,0,0
20100817,NYN,HOU,3,4,1,2
20100817,COL,LAN,0,6,0,0
20100817,SFN,PHI,3,9,2,0
20100817,FLO,PIT,6,0,0,0
20100817,MIL,SLN,3,2,1,1
20100818,SEA,BAL,6,5,1,1
20100818,ANA,BOS,5,7,2,2
20100818,CLE,KCA,7,9,1,1
20100818,CHA,MIN,6,7,1,1
20100818,DET,NYA,5,9,3,3
20100818,TOR,OAK,4,5,0,1
20100818,TEX,TBA,6,8,2,2
20100818,CIN,ARI,11,7,2,2
20100818,WAS,ATL,2,3,0,0
20100818,SDN,CHN,5,1,1,0
20100818,NYN,HOU,3,2,0,1
20100818,COL,LAN,3,2,0,0
20100818,SFN,PHI,2,8,2,2
20100818,FLO,PIT,3,2,1,2
20100818,MIL,SLN,3,2,0,0
20100819,TEX,BAL,0,4,0,0
20100819,ANA,BOS,7,2,1,1
20100819,CLE,KCA,7,3,0,0
20100819,CHA,MIN,11,0,2,0
20100819,DET,NYA,5,11,2,1
20100819,TBA,OAK,3,4,2,0
20100819,CIN,ARI,9,5,2,2
20100819,WAS,ATL,6,2,2,0
20100819,SDN,CHN,5,3,0,0
20100819,NYN,HOU,2,3,0,1
20100819,COL,LAN,0,2,0,1
20100819,SFN,PHI,5,2,1,0
20100819,FLO,PIT,4,2,1,1
20100820,TEX,BAL,2,0,1,0
20100820,TOR,BOS,16,2,4,0
20100820,CLE,DET,0,6,0,0
20100820,ANA,MIN,2,7,0,1
20100820,SEA,NYA,6,0,2,0
20100820,TBA,OAK,4,5,1,1
20100820,COL,ARI,3,4,0,0
20100820,ATL,CHN,5,3,1,1
20100820,HOU,FLO,0,9,0,2
20100820,CIN,LAN,3,1,0,0
20100820,SDN,MIL,6,10,2,2
20100820,WAS,PHI,0,1,0,0
20100820,NYN,PIT,7,2,1,1
20100820,SFN,SLN,6,3,2,1
20100821,TEX,BAL,6,8,1,4
20100821,TOR,BOS,4,5,1,1
20100821,CLE,DET,2,5,0,1
20100821,CHA,KCA,5,6,0,2
20100821,CHA,KCA,7,6,1,1
20100821,ANA,MIN,9,3,2,0
20100821,SEA,NYA,5,9,3,1
20100821,TBA,OAK,5,4,2,0
20100821,COL,ARI,1,3,0,1
20100821,ATL,CHN,4,5,0,0
20100821,HOU,FLO,3,6,0,0
20100821,CIN,LAN,5,8,0,4
20100821,SDN,MIL,5,6,1,1
20100821,WAS,PHI,8,1,1,0
20100821,NYN,PIT,5,1,1,0
20100821,SFN,SLN,1,5,0,1
20100822,TEX,BAL,6,4,2,2
20100822,TOR,BOS,0,5,0,1
20100822,CLE,DET,1,8,1,0
20100822,CHA,KCA,2,3,0,1
20100822,ANA,MIN,0,4,0,1
20100822,SEA,NYA,0,10,0,3
20100822,TBA,OAK,3,2,0,0
20100822,COL,ARI,1,0,0,0
20100822,ATL,CHN,16,5,4,1
20100822,HOU,FLO,2,1,1,1
20100822,CIN,LAN,5,2,1,1
20100822,SDN,MIL,7,3,2,1
20100822,WAS,PHI,0,6,0,1
20100822,NYN,PIT,1,2,0,2
20100822,SFN,SLN,0,9,0,1
20100823,TBA,ANA,4,3,1,0
20100823,SEA,BOS,3,6,0,0
20100823,KCA,DET,3,12,0,0
20100823,MIN,TEX,0,4,0,0
20100823,NYA,TOR,2,3,0,2
20100823,ATL,COL,4,5,2,1
20100823,HOU,PHI,3,2,0,1
20100823,SLN,PIT,10,2,1,1
20100823,CIN,SFN,2,11,0,2
20100823,CHN,WAS,9,1,1,0
20100824,TBA,ANA,10,3,2,1
20100824,BAL,CHA,5,7,1,1
20100824,OAK,CLE,5,0,3,0
20100824,KCA,DET,1,9,1,1
20100824,MIN,TEX,3,4,0,1
20100824,NYA,TOR,11,5,5,0
20100824,ATL,COL,2,5,1,2
20100824,LAN,MIL,5,3,2,1
20100824,FLO,NYN,5,6,1,0
20100824,HOU,PHI,4,2,1,1
20100824,SLN,PIT,3,4,1,0
20100824,ARI,SDN,0,5,0,2
20100824,CIN,SFN,5,16,3,4
20100824,CHN,WAS,5,4,2,0
20100825,TBA,ANA,3,12,1,1
20100825,SEA,BOS,3,5,2,0
20100825,SEA,BOS,4,2,0,1
20100825,BAL,CHA,4,2,1,1
20100825,OAK,CLE,6,1,0,0
20100825,KCA,DET,4,3,2,0
20100825,MIN,TEX,3,4,0,2
20100825,NYA,TOR,3,6,1,2
20100825,ATL,COL,10,12,1,1
20100825,LAN,MIL,5,4,1,0
20100825,FLO,NYN,5,4,0,1
20100825,HOU,PHI,3,2,2,1
20100825,SLN,PIT,2,5,1,1
20100825,ARI,SDN,3,9,2,2
20100825,CIN,SFN,12,11,4,1
20100825,CHN,WAS,4,0,2,0
20100826,BAL,CHA,0,8,0,1
20100826,OAK,CLE,2,3,0,1
20100826,MIN,TEX,6,4,2,1
20100826,DET,TOR,7,1,2,1
20100826,LAN,MIL,7,1,1,1
20100826,FLO,NYN,11,4,1,1
20100826,HOU,PHI,5,1,1,0
20100826,ARI,SDN,11,5,2,1
20100826,SLN,WAS,10,11,1,1
20100827,BAL,ANA,3,1,0,0
20100827,NYA,CHA,4,9,1,0
20100827,KCA,CLE,4,15,1,3
20100827,MIN,SEA,6,3,0,0
20100827,BOS,TBA,3,1,2,0
20100827,OAK,TEX,3,7,2,0
20100827,DET,TOR,2,3,1,2
20100827,FLO,ATL,7,1,4,1
20100827,CHN,CIN,1,7,0,4
20100827,LAN,COL,6,2,1,1
20100827,PIT,MIL,2,7,1,0
20100827,HOU,NYN,1,2,0,0
20100827,PHI,SDN,3,2,0,1
20100827,ARI,SFN,6,0,1,0
20100827,SLN,WAS,4,2,2,1
20100828,BAL,ANA,5,0,1,0
20100828,NYA,CHA,12,9,4,3
20100828,KCA,CLE,3,4,1,1
20100828,MIN,SEA,1,0,0,0
20100828,BOS,TBA,2,3,1,2
20100828,OAK,TEX,5,0,1,0
20100828,DET,TOR,4,5,1,0
20100828,FLO,ATL,3,12,0,3
20100828,CHN,CIN,3,2,2,1
20100828,LAN,COL,3,5,1,2
20100828,PIT,MIL,7,8,3,3
20100828,HOU,NYN,4,1,1,0
20100828,PHI,SDN,3,1,0,0
20100828,ARI,SFN,11,3,2,1
20100828,SLN,WAS,5,14,1,2
20100829,BAL,ANA,1,0,0,0
20100829,NYA,CHA,2,1,1,0
20100829,KCA,CLE,6,2,1,1
20100829,MIN,SEA,1,2,1,0
20100829,BOS,TBA,3,5,0,2
20100829,OAK,TEX,8,2,2,1
20100829,DET,TOR,10,4,3,2
20100829,FLO,ATL,6,7,1,2
20100829,CHN,CIN,5,7,1,1
20100829,LAN,COL,5,10,0,3
20100829,PIT,MIL,4,8,3,1
20100829,HOU,NYN,1,5,0,1
20100829,PHI,SDN,5,0,2,0
20100829,ARI,SFN,7,9,1,0
20100829,SLN,WAS,2,4,1,1
20100830,CHA,CLE,10,6,2,1
20100830,TEX,KCA,3,0,0,0
20100830,OAK,NYA,5,11,1,3
20100830,ANA,SEA,5,3,3,0
20100830,TOR,TBA,2,6,1,1
20100830,SDN,ARI,2,7,1,2
20100830,NYN,ATL,3,9,0,2
20100830,PIT,CHN,2,14,0,1
20100830,MIL,CIN,4,5,0,2
20100830,WAS,FLO,9,3,2,2
20100830,SLN,HOU,0,3,0,0
20100830,PHI,LAN,0,3,0,1
20100830,COL,SFN,2,1,0,0
20100831,BOS,BAL,2,5,1,2
20100831,CHA,CLE,4,3,1,1
20100831,TEX,KCA,9,10,4,1
20100831,DET,MIN,3,4,0,0
20100831,OAK,NYA,3,9,1,3
20100831,ANA,SEA,1,3,0,0
20100831,TOR,TBA,13,5,3,0
20100831,SDN,ARI,4,7,0,1
20100831,NYN,ATL,2,9,0,1
20100831,PIT,CHN,14,7,2,1
20100831,MIL,CIN,4,8,1,1
20100831,WAS,FLO,0,1,0,0
20100831,SLN,HOU,0,3,0,0
20100831,PHI,LAN,8,4,2,1
20100831,COL,SFN,2,5,1,1
20100901,BOS,BAL,9,6,3,0
20100901,CHA,CLE,6,4,3,0
20100901,TEX,KCA,4,3,1,1
20100901,DET,MIN,1,2,0,0
20100901,OAK,NYA,3,4,1,0
20100901,ANA,SEA,4,2,2,0
20100901,TOR,TBA,1,2,1,1
20100901,SDN,ARI,2,5,1,2
20100901,NYN,ATL,1,4,0,0
20100901,PIT,CHN,3,5,1,0
20100901,MIL,CIN,1,6,0,1
20100901,WAS,FLO,10,16,1,3
20100901,SLN,HOU,2,5,1,1
20100901,PHI,LAN,5,1,2,0
20100901,COL,SFN,1,2,1,0
20100902,BOS,BAL,6,4,1,0
20100902,DET,MIN,10,9,5,0
20100902,OAK,NYA,0,5,0,3
20100902,CLE,SEA,6,3,1,1
20100902,NYN,ATL,4,2,1,1
20100902,PHI,COL,12,11,3,3
20100903,TBA,BAL,4,1,0,0
20100903,DET,KCA,9,5,1,1
20100903,TEX,MIN,3,4,0,0
20100903,TOR,NYA,3,7,1,0
20100903,ANA,OAK,0,8,0,2
20100903,CLE,SEA,0,1,0,0
20100903,HOU,ARI,3,4,0,0
20100903,NYN,CHN,6,7,2,2
20100903,ATL,FLO,1,6,0,0
20100903,SFN,LAN,2,4,0,1
20100903,MIL,PHI,0,1,0,0
20100903,WAS,PIT,5,8,1,1
20100903,COL,SDN,4,3,2,1
20100903,CIN,SLN,2,3,1,0
20100904,TBA,BAL,4,8,3,1
20100904,CHA,BOS,3,1,0,0
20100904,CHA,BOS,3,1,0,0
20100904,DET,KCA,6,4,1,1
20100904,TEX,MIN,4,12,1,2
20100904,TOR,NYA,5,7,2,1
20100904,ANA,OAK,1,3,1,0
20100904,CLE,SEA,4,2,0,1
20100904,HOU,ARI,6,5,1,1
20100904,NYN,CHN,3,5,1,1
20100904,ATL,FLO,2,0,0,0
20100904,SFN,LAN,5,4,4,1
20100904,MIL,PHI,4,5,4,2
20100904,WAS,PIT,9,2,1,1
20100904,COL,SDN,6,2,0,0
20100904,CIN,SLN,6,1,1,0
20100905,TBA,BAL,7,8,4,1
20100905,CHA,BOS,7,5,0,1
20100905,DET,KCA,1,2,1,1
20100905,TEX,MIN,5,6,0,0
20100905,TOR,NYA,7,3,3,0
20100905,ANA,OAK,7,4,2,0
20100905,CLE,SEA,0,3,0,1
20100905,HOU,ARI,3,2,1,2
20100905,NYN,CHN,18,5,2,2
20100905,ATL,FLO,6,7,0,1
20100905,SFN,LAN,3,0,1,0
20100905,MIL,PHI,6,2,1,0
20100905,WAS,PIT,8,1,1,1
20100905,COL,SDN,4,2,1,1
20100905,CIN,SLN,2,4,0,1
20100906,CLE,ANA,3,2,0,1
20100906,TBA,BOS,5,12,0,3
20100906,CHA,DET,5,4,0,1
20100906,KCA,MIN,4,5,0,2
20100906,BAL,NYA,4,3,0,1
20100906,SEA,OAK,2,6,1,2
20100906,TEX,TOR,2,7,0,3
20100906,SFN,ARI,2,0,0,0
20100906,HOU,CHN,4,5,1,2
20100906,CIN,COL,5,10,0,1
20100906,SLN,MIL,8,6,1,3
20100906,FLO,PHI,7,1,2,0
20100906,FLO,PHI,4,7,3,0
20100906,ATL,PIT,1,3,0,1
20100906,LAN,SDN,2,4,1,1
20100906,NYN,WAS,3,13,0,2
20100907,CLE,ANA,6,1,2,1
20100907,TBA,BOS,14,5,5,1
20100907,CHA,DET,1,9,0,2
20100907,KCA,MIN,3,10,1,1
20100907,BAL,NYA,6,2,1,0
20100907,SEA,OAK,7,5,1,0
20100907,TEX,TOR,5,8,1,4
20100907,SFN,ARI,6,3,3,1
20100907,HOU,CHN,7,3,1,0
20100907,CIN,COL,3,4,1,1
20100907,SLN,MIL,2,4,0,0
20100907,FLO,PHI,7,8,1,3
20100907,ATL,PIT,0,5,0,1
20100907,LAN,SDN,1,2,0,0
20100907,NYN,WAS,4,1,1,1
20100908,CLE,ANA,3,4,1,2
20100908,TBA,BOS,5,11,1,5
20100908,CHA,DET,1,5,1,0
20100908,KCA,MIN,3,4,0,1
20100908,BAL,NYA,2,3,1,1
20100908,SEA,OAK,3,4,2,1
20100908,TEX,TOR,8,1,2,1
20100908,SFN,ARI,1,3,1,0
20100908,HOU,CHN,4,0,1,0
20100908,CIN,COL,2,9,0,3
20100908,SLN,MIL,1,8,1,1
20100908,FLO,PHI,6,10,1,1
20100908,ATL,PIT,9,3,0,0
20100908,LAN,SDN,0,4,0,0
20100908,NYN,WAS,3,2,0,1
20100909,CHA,DET,3,6,1,0
20100909,TEX,TOR,4,2,0,2
20100909,SLN,ATL,11,4,4,1
20100909,CIN,COL,5,6,1,2
20100909,LAN,HOU,2,3,1,1
20100909,SFN,SDN,7,3,4,2
20100910,SEA,ANA,3,4,0,1
20100910,KCA,CHA,3,4,0,1
20100910,MIN,CLE,0,2,0,1
20100910,BAL,DET,6,3,1,1
20100910,BOS,OAK,0,5,0,0
20100910,NYA,TEX,5,6,0,2
20100910,TBA,TOR,9,8,2,4
20100910,SLN,ATL,6,8,2,1
20100910,PIT,CIN,3,4,1,0
20100910,ARI,COL,4,13,1,3
20100910,LAN,HOU,4,2,1,0
20100910,CHN,MIL,4,0,0,0
20100910,PHI,NYN,8,4,2,1
20100910,SFN,SDN,1,0,0,0
20100910,FLO,WAS,3,1,1,0
20100911,SEA,ANA,4,7,1,1
20100911,KCA,CHA,8,2,0,1
20100911,MIN,CLE,1,0,1,0
20100911,BAL,DET,5,3,0,0
20100911,BOS,OAK,3,4,1,0
20100911,NYA,TEX,6,7,0,0
20100911,TBA,TOR,13,1,2,1
20100911,SLN,ATL,3,6,0,2
20100911,PIT,CIN,4,5,0,1
20100911,ARI,COL,1,2,0,0
20100911,LAN,HOU,6,3,1,1
20100911,CHN,MIL,1,0,1,0
20100911,PHI,NYN,3,4,0,1
20100911,SFN,SDN,0,1,0,1
20100911,FLO,WAS,4,1,0,0
20100912,SEA,ANA,0,3,0,1
20100912,KCA,CHA,6,12,2,3
20100912,MIN,CLE,6,2,0,0
20100912,BAL,DET,2,6,0,1
20100912,BOS,OAK,5,3,0,0
20100912,NYA,TEX,1,4,0,0
20100912,TBA,TOR,4,5,0,1
20100912,SLN,ATL,7,3,2,1
20100912,PIT,CIN,3,1,0,0
20100912,ARI,COL,2,4,0,1
20100912,LAN,HOU,4,7,1,2
20100912,CHN,MIL,0,2,0,1
20100912,PHI,NYN,3,0,1,0
20100912,SFN,SDN,6,1,1,0
20100912,FLO,WAS,6,5,2,0
20100913,TOR,BAL,3,4,1,1
20100913,OAK,KCA,3,1,1,1
20100913,BOS,SEA,5,1,1,0
20100913,NYA,TBA,0,1,0,1
20100913,WAS,ATL,0,4,0,0
20100913,ARI,CIN,2,7,2,5
20100913,SDN,COL,6,4,2,1
20100913,PHI,FLO,11,4,4,2
20100913,MIL,HOU,2,4,1,0
20100913,PIT,NYN,0,1,0,0
20100913,CHN,SLN,5,1,0,0
20100914,TOR,BAL,3,11,1,2
20100914,MIN,CHA,9,3,1,0
20100914,ANA,CLE,3,4,0,2
20100914,OAK,KCA,3,11,0,3
20100914,BOS,SEA,9,6,3,0
20100914,NYA,TBA,8,7,3,2
20100914,DET,TEX,4,11,0,1
20100914,WAS,ATL,6,0,3,0
20100914,ARI,CIN,3,1,0,0
20100914,SDN,COL,7,6,1,0
20100914,PHI,FLO,2,1,0,0
20100914,MIL,HOU,2,3,2,1
20100914,PIT,NYN,1,9,0,2
20100914,LAN,SFN,1,0,0,0
20100914,CHN,SLN,7,2,0,1
20100915,TOR,BAL,1,3,1,0
20100915,MIN,CHA,9,3,1,1
20100915,ANA,CLE,7,0,0,0
20100915,OAK,KCA,3,6,1,2
20100915,BOS,SEA,5,1,1,1
20100915,NYA,TBA,3,4,1,2
20100915,DET,TEX,7,11,1,3
20100915,WAS,ATL,4,2,1,0
20100915,ARI,CIN,5,7,1,1
20100915,SDN,COL,6,9,3,2
20100915,PHI,FLO,10,5,1,1
20100915,MIL,HOU,8,6,2,0
20100915,PIT,NYN,7,8,1,1
20100915,LAN,SFN,1,2,1,0
20100915,CHN,SLN,7,3,2,0
20100916,MIN,CHA,8,5,1,3
20100916,ANA,CLE,2,3,2,0
20100916,ARI,CIN,3,1,0,0
20100916,PIT,NYN,2,6,0,0
20100916,LAN,SFN,2,10,1,3
20100916,SDN,SLN,0,4,0,0
20100917,NYA,BAL,4,3,2,2
20100917,TOR,BOS,11,9,1,2
20100917,DET,CHA,9,2,1,2
20100917,CLE,KCA,11,4,3,2
20100917,OAK,MIN,3,1,1,1
20100917,TEX,SEA,1,2,1,0
20100917,ANA,TBA,4,3,1,1
20100917,CHN,FLO,2,0,0,0
20100917,CIN,HOU,3,5,1,1
20100917,COL,LAN,7,5,1,0
20100917,ATL,NYN,6,4,1,1
20100917,WAS,PHI,1,9,0,2
20100917,ARI,PIT,3,4,0,2
20100917,MIL,SFN,3,0,0,0
20100917,SDN,SLN,4,14,2,1
20100918,NYA,BAL,11,3,2,1
20100918,TOR,BOS,4,3,1,0
20100918,DET,CHA,6,3,1,0
20100918,CLE,KCA,6,4,1,2
20100918,OAK,MIN,2,4,1,1
20100918,TEX,SEA,6,1,0,1
20100918,ANA,TBA,3,4,1,1
20100918,CHN,FLO,5,3,0,0
20100918,CIN,HOU,11,1,3,1
20100918,COL,LAN,12,2,3,1
20100918,ATL,NYN,4,2,1,2
20100918,WAS,PHI,2,5,0,3
20100918,ARI,PIT,6,9,2,2
20100918,MIL,SFN,2,1,0,0
20100918,SDN,SLN,8,4,2,0
20100919,NYA,BAL,3,4,0,1
20100919,TOR,BOS,0,6,0,2
20100919,DET,CHA,9,7,2,0
20100919,CLE,KCA,4,6,1,0
20100919,OAK,MIN,6,2,1,2
20100919,TEX,SEA,1,2,1,0
20100919,ANA,TBA,6,3,3,1
20100919,CHN,FLO,13,3,1,2
20100919,CIN,HOU,3,4,1,1
20100919,COL,LAN,6,7,0,2
20100919,ATL,NYN,6,3,1,1
20100919,WAS,PHI,6,7,3,1
20100919,ARI,PIT,3,4,1,2
20100919,MIL,SFN,2,9,1,2
20100919,SDN,SLN,1,4,0,1
20100920,TEX,ANA,4,7,1,0
20100920,BAL,BOS,4,2,0,0
20100920,KCA,DET,5,7,1,2
20100920,CLE,MIN,3,9,0,2
20100920,TBA,NYA,6,8,0,2
20100920,CHA,OAK,0,3,0,0
20100920,SLN,FLO,0,4,0,1
20100920,CIN,MIL,5,2,3,0
20100920,ATL,PHI,1,3,0,0
20100920,HOU,WAS,8,2,2,0
20100921,TEX,ANA,0,2,0,0
20100921,BAL,BOS,9,1,1,0
20100921,KCA,DET,9,6,0,2
20100921,CLE,MIN,4,6,0,1
20100921,TBA,NYA,3,8,1,1
20100921,CHA,OAK,2,7,0,0
20100921,SEA,TOR,3,5,0,3
20100921,COL,ARI,1,3,0,1
20100921,SFN,CHN,1,0,1,0
20100921,NYN,FLO,2,5,2,1
20100921,SDN,LAN,6,0,0,0
20100921,CIN,MIL,4,3,1,0
20100921,ATL,PHI,3,5,1,1
20100921,SLN,PIT,2,5,0,0
20100921,HOU,WAS,4,8,2,1
20100922,TEX,ANA,2,1,0,1
20100922,BAL,BOS,1,6,0,2
20100922,KCA,DET,2,4,1,0
20100922,CLE,MIN,1,5,0,0
20100922,TBA,NYA,7,2,3,1
20100922,CHA,OAK,4,3,0,1
20100922,SEA,TOR,6,3,4,1
20100922,COL,ARI,4,8,2,3
20100922,SFN,CHN,0,2,0,1
20100922,NYN,FLO,5,7,1,0
20100922,SDN,LAN,3,1,1,0
20100922,CIN,MIL,1,13,0,2
20100922,ATL,PHI,0,1,0,0
20100922,SLN,PIT,6,11,0,2
20100922,HOU,WAS,3,4,0,2
20100923,KCA,CLE,4,2,2,0
20100923,TBA,NYA,10,3,0,1
20100923,TEX,OAK,0,5,0,0
20100923,SEA,TOR,0,1,0,1
20100923,COL,ARI,9,10,1,3
20100923,SFN,CHN,13,0,4,0
20100923,SDN,LAN,1,3,0,0
20100923,FLO,MIL,3,8,0,3
20100923,SLN,PIT,9,2,2,0
20100923,HOU,WAS,2,7,0,3
20100924,CHA,ANA,2,1,1,0
20100924,KCA,CLE,3,7,1,2
20100924,MIN,DET,1,10,0,3
20100924,BOS,NYA,10,8,2,6
20100924,TEX,OAK,10,3,2,0
20100924,SEA,TBA,3,5,0,0
20100924,BAL,TOR,4,6,0,3
20100924,LAN,ARI,3,1,1,0
20100924,SLN,CHN,7,1,1,1
20100924,SFN,COL,2,1,1,0
20100924,FLO,MIL,2,6,0,0
20100924,NYN,PHI,2,3,1,1
20100924,HOU,PIT,10,7,0,1
20100924,CIN,SDN,3,4,1,0
20100924,ATL,WAS,3,8,1,3
20100925,CHA,ANA,6,2,1,0
20100925,KCA,CLE,1,7,0,0
20100925,MIN,DET,10,11,3,3
20100925,BOS,NYA,7,3,2,2
20100925,TEX,OAK,4,3,2,1
20100925,SEA,TBA,1,9,0,2
20100925,BAL,TOR,4,5,1,4
20100925,LAN,ARI,2,5,0,1
20100925,SLN,CHN,3,7,0,0
20100925,SFN,COL,9,10,4,1
20100925,FLO,MIL,4,0,1,0
20100925,NYN,PHI,5,2,0,1
20100925,HOU,PIT,4,6,0,1
20100925,CIN,SDN,3,4,1,1
20100925,ATL,WAS,5,0,1,0
20100926,CHA,ANA,4,3,0,0
20100926,KCA,CLE,3,5,1,1
20100926,MIN,DET,1,5,1,2
20100926,BOS,NYA,3,4,0,1
20100926,TEX,OAK,16,9,4,2
20100926,SEA,TBA,6,2,1,0
20100926,BAL,TOR,2,5,0,0
20100926,LAN,ARI,4,5,1,2
20100926,SLN,CHN,8,7,1,0
20100926,SFN,COL,4,2,2,1
20100926,FLO,MIL,1,7,0,4
20100926,NYN,PHI,7,3,3,1
20100926,HOU,PIT,3,9,1,0
20100926,CIN,SDN,12,2,3,2
20100926,ATL,WAS,2,4,1,0
20100927,OAK,ANA,5,6,1,0
20100927,BOS,CHA,6,1,0,0
20100927,DET,CLE,3,6,0,3
20100927,MIN,KCA,8,10,1,2
20100927,BAL,TBA,4,0,0,0
20100927,SEA,TEX,7,5,1,2
20100927,NYA,TOR,5,7,2,2
20100927,FLO,ATL,1,2,0,1
20100927,LAN,COL,3,1,0,1
20100927,CHN,SDN,1,0,0,0
20100927,PIT,SLN,4,6,1,1
20100927,PHI,WAS,8,0,1,0
20100928,OAK,ANA,2,4,1,1
20100928,BOS,CHA,4,5,2,1
20100928,MIN,KCA,1,10,0,3
20100928,BAL,TBA,0,5,0,2
20100928,SEA,TEX,3,1,1,0
20100928,NYA,TOR,6,1,0,1
20100928,FLO,ATL,2,3,1,1
20100928,HOU,CIN,2,3,0,1
20100928,LAN,COL,9,7,4,2
20100928,MIL,NYN,3,4,1,1
20100928,CHN,SDN,5,2,2,1
20100928,ARI,SFN,2,4,1,1
20100928,PIT,SLN,7,2,1,1
20100928,PHI,WAS,1,2,1,1
20100929,OAK,ANA,1,2,0,0
20100929,BOS,CHA,2,5,1,1
20100929,DET,CLE,0,4,0,2
20100929,DET,CLE,3,4,1,0
20100929,MIN,KCA,4,2,1,1
20100929,BAL,TBA,2,0,0,0
20100929,SEA,TEX,5,6,1,0
20100929,NYA,TOR,4,8,1,3
20100929,FLO,ATL,1,5,0,1
20100929,HOU,CIN,2,0,0,0
20100929,LAN,COL,7,6,1,1
20100929,MIL,NYN,8,7,0,2
20100929,MIL,NYN,3,1,0,0
20100929,CHN,SDN,0,3,0,0
20100929,ARI,SFN,1,3,1,1
20100929,PIT,SLN,1,4,0,1
20100929,PHI,WAS,7,1,4,0
20100930,BOS,CHA,2,8,1,2
20100930,TBA,KCA,2,3,1,0
20100930,TOR,MIN,13,2,6,0
20100930,OAK,SEA,8,1,2,0
20100930,ANA,TEX,2,3,1,0
20100930,HOU,CIN,1,9,1,3
20100930,PIT,FLO,9,11,2,1
20100930,MIL,NYN,9,2,0,0
20100930,CHN,SDN,1,0,0,0
20100930,ARI,SFN,1,4,0,3
20100930,COL,SLN,1,6,0,0
20101001,DET,BAL,6,10,1,0
20101001,DET,BAL,1,2,1,1
20101001,CLE,CHA,7,3,1,1
20101001,TBA,KCA,0,7,0,0
20101001,TOR,MIN,6,3,1,2
20101001,OAK,SEA,9,0,2,0
20101001,ANA,TEX,5,4,3,2
20101001,PHI,ATL,11,5,1,0
20101001,MIL,CIN,4,3,1,0
20101001,PIT,FLO,5,1,2,0
20101001,CHN,HOU,2,0,0,0
20101001,ARI,LAN,7,5,1,1
20101001,WAS,NYN,1,2,1,2
20101001,SDN,SFN,6,4,3,1
20101001,COL,SLN,0,3,0,0
20101002,DET,BAL,1,2,1,1
20101002,NYA,BOS,6,5,1,0
20101002,NYA,BOS,6,7,0,1
20101002,CLE,CHA,2,6,0,1
20101002,TBA,KCA,4,0,1,0
20101002,TOR,MIN,4,5,1,0
20101002,OAK,SEA,5,3,3,1
20101002,ANA,TEX,2,6,0,1
20101002,PHI,ATL,7,0,0,0
20101002,MIL,CIN,4,7,1,3
20101002,PIT,FLO,0,2,0,0
20101002,CHN,HOU,8,3,1,0
20101002,ARI,LAN,2,3,0,1
20101002,WAS,NYN,2,7,1,3
20101002,SDN,SFN,4,2,0,1
20101002,COL,SLN,0,1,0,0
20101003,DET,BAL,4,2,1,0
20101003,NYA,BOS,4,8,1,3
20101003,CLE,CHA,5,6,2,1
20101003,TBA,KCA,3,2,0,1
20101003,TOR,MIN,2,1,2,0
20101003,OAK,SEA,4,3,2,0
20101003,ANA,TEX,6,2,2,0
20101003,PHI,ATL,7,8,2,1
20101003,MIL,CIN,2,3,0,1
20101003,PIT,FLO,2,5,1,1
20101003,CHN,HOU,0,4,0,1
20101003,ARI,LAN,1,3,0,1
20101003,WAS,NYN,2,1,0,0
20101003,SDN,SFN,0,3,0,1
20101003,COL,SLN,1,6,1,0
